DugumId,Isim,Ozellik_I (Aktiflik),Ozellik_II (Etkile≈üim),Ozellik_III (Bagl. Sayisi),Komsular
1,Start,0.00,0.00,6.00,"2,52,53,54,55,56"
2,Path_1,20.00,0.00,2.00,"1,3"
3,Path_2,40.00,0.00,2.00,"2,4"
4,Path_3,60.00,0.00,2.00,"3,5"
5,Path_4,80.00,0.00,2.00,"4,6"
6,Path_5,100.00,0.00,2.00,"5,7"
7,Path_6,120.00,0.00,2.00,"6,8"
8,Path_7,140.00,0.00,2.00,"7,9"
9,Path_8,160.00,0.00,2.00,"8,10"
10,Path_9,180.00,0.00,2.00,"9,11"
11,Path_10,200.00,0.00,2.00,"10,12"
12,Path_11,220.00,0.00,2.00,"11,13"
13,Path_12,240.00,0.00,2.00,"12,14"
14,Path_13,260.00,0.00,2.00,"13,15"
15,Path_14,280.00,0.00,2.00,"14,16"
16,Path_15,300.00,0.00,2.00,"15,17"
17,Path_16,320.00,0.00,2.00,"16,18"
18,Path_17,340.00,0.00,2.00,"17,19"
19,Path_18,360.00,0.00,2.00,"18,20"
20,Path_19,380.00,0.00,2.00,"19,21"
21,Path_20,400.00,0.00,2.00,"20,22"
22,Path_21,420.00,0.00,2.00,"21,23"
23,Path_22,440.00,0.00,2.00,"22,24"
24,Path_23,460.00,0.00,2.00,"23,25"
25,Path_24,480.00,0.00,2.00,"24,26"
26,Path_25,500.00,0.00,2.00,"25,27"
27,Path_26,520.00,0.00,2.00,"26,28"
28,Path_27,540.00,0.00,2.00,"27,29"
29,Path_28,560.00,0.00,2.00,"28,30"
30,Path_29,580.00,0.00,2.00,"29,31"
31,Path_30,600.00,0.00,2.00,"30,32"
32,Path_31,620.00,0.00,2.00,"31,33"
33,Path_32,640.00,0.00,2.00,"32,34"
34,Path_33,660.00,0.00,2.00,"33,35"
35,Path_34,680.00,0.00,2.00,"34,36"
36,Path_35,700.00,0.00,2.00,"35,37"
37,Path_36,720.00,0.00,2.00,"36,38"
38,Path_37,740.00,0.00,2.00,"37,39"
39,Path_38,760.00,0.00,2.00,"38,40"
40,Path_39,780.00,0.00,2.00,"39,41"
41,Path_40,800.00,0.00,2.00,"40,42"
42,Path_41,820.00,0.00,2.00,"41,43"
43,Path_42,840.00,0.00,2.00,"42,44"
44,Path_43,860.00,0.00,2.00,"43,45"
45,Path_44,880.00,0.00,2.00,"44,46"
46,Path_45,900.00,0.00,2.00,"45,47"
47,Path_46,920.00,0.00,2.00,"46,48"
48,Path_47,940.00,0.00,2.00,"47,49"
49,Path_48,960.00,0.00,2.00,"48,50"
50,Path_49,980.00,0.00,2.00,"49,51"
51,Path_50,1000.00,0.00,1.00,50
52,Decoy_1,1.14,0.00,4.00,"1,57,60,88"
53,Decoy_2,3.70,1.50,3.00,"1,58,89"
54,Decoy_3,3.23,3.00,2.00,"1,72"
55,Decoy_4,3.33,4.50,4.00,"1,67,92,100"
56,Decoy_5,4.33,6.00,3.00,"1,59,101"
57,Decoy_6,3.30,7.50,5.00,"52,61,65,76,77"
58,Decoy_7,3.60,9.00,2.00,"53,64"
59,Decoy_8,0.18,10.50,1.00,56
60,Decoy_9,3.19,12.00,4.00,"52,62,63,69"
61,Decoy_10,2.72,13.50,2.00,"57,79"
62,Decoy_11,4.70,15.00,3.00,"60,75,108"
63,Decoy_12,4.51,16.50,4.00,"60,68,70,105"
64,Decoy_13,2.60,18.00,2.00,"58,82"
65,Decoy_14,4.11,19.50,3.00,"57,66,91"
66,Decoy_15,0.05,21.00,4.00,"65,71,73,74"
67,Decoy_16,1.95,22.50,2.00,"55,78"
68,Decoy_17,4.91,24.00,2.00,"63,102"
69,Decoy_18,1.75,25.50,1.00,60
70,Decoy_19,0.13,27.00,1.00,63
71,Decoy_20,0.90,28.50,2.00,"66,83"
72,Decoy_21,2.55,30.00,1.00,54
73,Decoy_22,1.93,31.50,2.00,"66,85"
74,Decoy_23,0.72,33.00,2.00,"66,80"
75,Decoy_24,4.32,34.50,3.00,"62,116,122"
76,Decoy_25,4.92,36.00,3.00,"57,111,124"
77,Decoy_26,1.28,37.50,1.00,57
78,Decoy_27,4.20,39.00,1.00,67
79,Decoy_28,3.16,40.50,1.00,61
80,Decoy_29,0.14,42.00,4.00,"74,81,84,96"
81,Decoy_30,1.64,43.50,1.00,80
82,Decoy_31,3.94,45.00,3.00,"64,90,97"
83,Decoy_32,1.04,46.50,1.00,71
84,Decoy_33,2.25,48.00,3.00,"80,86,110"
85,Decoy_34,4.86,49.50,1.00,73
86,Decoy_35,3.11,51.00,2.00,"84,87"
87,Decoy_36,3.33,52.50,5.00,"86,98,109,120,127"
88,Decoy_37,3.11,54.00,1.00,52
89,Decoy_38,1.32,55.50,4.00,"53,93,94,99"
90,Decoy_39,0.99,57.00,1.00,82
91,Decoy_40,2.69,58.50,2.00,"65,112"
92,Decoy_41,3.75,60.00,1.00,55
93,Decoy_42,1.67,61.50,2.00,"89,95"
94,Decoy_43,1.41,63.00,1.00,89
95,Decoy_44,0.55,64.50,1.00,93
96,Decoy_45,0.80,66.00,1.00,80
97,Decoy_46,0.87,67.50,4.00,"82,103,121,142"
98,Decoy_47,2.59,69.00,1.00,87
99,Decoy_48,0.34,70.50,5.00,"89,104,113,128,138"
100,Decoy_49,4.02,72.00,1.00,55
101,Decoy_50,2.85,73.50,3.00,"56,106,123"
102,Decoy_51,0.21,75.00,2.00,"68,145"
103,Decoy_52,4.16,76.50,1.00,97
104,Decoy_53,1.51,78.00,3.00,"99,107,152"
105,Decoy_54,0.61,79.50,2.00,"63,144"
106,Decoy_55,1.49,81.00,3.00,"101,117,149"
107,Decoy_56,1.19,82.50,2.00,"104,134"
108,Decoy_57,2.74,84.00,4.00,"62,115,118,131"
109,Decoy_58,2.69,85.50,1.00,87
110,Decoy_59,2.68,87.00,2.00,"84,125"
111,Decoy_60,0.83,88.50,3.00,"76,114,158"
112,Decoy_61,1.29,90.00,2.00,"91,136"
113,Decoy_62,2.05,91.50,1.00,99
114,Decoy_63,0.19,93.00,5.00,"111,119,130,139,156"
115,Decoy_64,2.72,94.50,2.00,"108,162"
116,Decoy_65,4.65,96.00,1.00,75
117,Decoy_66,3.33,97.50,2.00,"106,146"
118,Decoy_67,0.65,99.00,3.00,"108,129,141"
119,Decoy_68,1.52,100.50,1.00,114
120,Decoy_69,1.68,102.00,4.00,"87,132,150,157"
121,Decoy_70,1.28,103.50,2.00,"97,137"
122,Decoy_71,0.16,105.00,1.00,75
123,Decoy_72,3.00,106.50,4.00,"101,126,147,153"
124,Decoy_73,1.20,108.00,2.00,"76,140"
125,Decoy_74,1.91,109.50,4.00,"110,148,154,155"
126,Decoy_75,1.08,111.00,2.00,"123,135"
127,Decoy_76,1.41,112.50,1.00,87
128,Decoy_77,4.84,114.00,1.00,99
129,Decoy_78,4.79,115.50,1.00,118
130,Decoy_79,0.34,117.00,4.00,"114,164,168,171"
131,Decoy_80,3.96,118.50,1.00,108
132,Decoy_81,1.05,120.00,2.00,"120,133"
133,Decoy_82,2.08,121.50,4.00,"132,161,174,175"
134,Decoy_83,2.03,123.00,1.00,107
135,Decoy_84,0.84,124.50,3.00,"126,159,176"
136,Decoy_85,2.68,126.00,2.00,"112,160"
137,Decoy_86,1.69,127.50,3.00,"121,177,181"
138,Decoy_87,4.11,129.00,2.00,"99,184"
139,Decoy_88,2.30,130.50,2.00,"114,151"
140,Decoy_89,3.54,132.00,2.00,"124,143"
141,Decoy_90,3.49,133.50,1.00,118
142,Decoy_91,3.91,135.00,2.00,"97,170"
143,Decoy_92,2.75,136.50,1.00,140
144,Decoy_93,4.33,138.00,2.00,"105,193"
145,Decoy_94,1.62,139.50,2.00,"102,182"
146,Decoy_95,1.51,141.00,3.00,"117,163,169"
147,Decoy_96,4.67,142.50,1.00,123
148,Decoy_97,0.75,144.00,2.00,"125,167"
149,Decoy_98,3.35,145.50,1.00,106
150,Decoy_99,0.52,147.00,3.00,"120,165,185"
151,Decoy_100,3.58,148.50,2.00,"139,190"
152,Decoy_101,0.70,0.00,2.00,"104,166"
153,Decoy_102,0.42,1.50,1.00,123
154,Decoy_103,0.90,3.00,1.00,125
155,Decoy_104,3.13,4.50,2.00,"125,180"
156,Decoy_105,2.54,6.00,1.00,114
157,Decoy_106,0.14,7.50,2.00,"120,178"
158,Decoy_107,1.14,9.00,2.00,"111,189"
159,Decoy_108,3.43,10.50,1.00,135
160,Decoy_109,1.53,12.00,1.00,136
161,Decoy_110,2.62,13.50,3.00,"133,188,200"
162,Decoy_111,4.44,15.00,2.00,"115,194"
163,Decoy_112,1.36,16.50,2.00,"146,202"
164,Decoy_113,4.39,18.00,1.00,130
165,Decoy_114,2.96,19.50,1.00,150
166,Decoy_115,0.21,21.00,3.00,"152,172,183"
167,Decoy_116,3.86,22.50,2.00,"148,186"
168,Decoy_117,2.35,24.00,2.00,"130,217"
169,Decoy_118,3.75,25.50,3.00,"146,173,179"
170,Decoy_119,0.41,27.00,3.00,"142,191,212"
171,Decoy_120,4.65,28.50,3.00,"130,216,221"
172,Decoy_121,4.30,30.00,1.00,166
173,Decoy_122,3.93,31.50,2.00,"169,187"
174,Decoy_123,0.97,33.00,1.00,133
175,Decoy_124,1.07,34.50,3.00,"133,195,203"
176,Decoy_125,2.14,36.00,1.00,135
177,Decoy_126,0.05,37.50,3.00,"137,192,214"
178,Decoy_127,0.66,39.00,1.00,157
179,Decoy_128,4.35,40.50,2.00,"169,220"
180,Decoy_129,0.77,42.00,1.00,155
181,Decoy_130,0.99,43.50,2.00,"137,227"
182,Decoy_131,2.24,45.00,4.00,"145,204,208,230"
183,Decoy_132,0.22,46.50,2.00,"166,197"
184,Decoy_133,2.62,48.00,1.00,138
185,Decoy_134,2.10,49.50,1.00,150
186,Decoy_135,1.01,51.00,2.00,"167,196"
187,Decoy_136,4.66,52.50,2.00,"173,213"
188,Decoy_137,2.83,54.00,1.00,161
189,Decoy_138,4.91,55.50,1.00,158
190,Decoy_139,4.09,57.00,3.00,"151,199,229"
191,Decoy_140,1.37,58.50,2.00,"170,240"
192,Decoy_141,1.81,60.00,1.00,177
193,Decoy_142,3.77,61.50,1.00,144
194,Decoy_143,3.00,63.00,3.00,"162,198,231"
195,Decoy_144,2.48,64.50,2.00,"175,210"
196,Decoy_145,0.39,66.00,1.00,186
197,Decoy_146,3.83,67.50,1.00,183
198,Decoy_147,4.43,69.00,2.00,"194,209"
199,Decoy_148,0.82,70.50,3.00,"190,201,234"
200,Decoy_149,3.19,72.00,2.00,"161,207"
201,Decoy_150,1.96,73.50,3.00,"199,206,248"
202,Decoy_151,2.04,75.00,1.00,163
203,Decoy_152,2.23,76.50,4.00,"175,205,219,223"
204,Decoy_153,0.04,78.00,2.00,"182,222"
205,Decoy_154,3.48,79.50,1.00,203
206,Decoy_155,2.49,81.00,2.00,"201,215"
207,Decoy_156,0.32,82.50,3.00,"200,218,244"
208,Decoy_157,0.55,84.00,2.00,"182,211"
209,Decoy_158,0.62,85.50,1.00,198
210,Decoy_159,0.17,87.00,1.00,195
211,Decoy_160,4.62,88.50,1.00,208
212,Decoy_161,0.49,90.00,1.00,170
213,Decoy_162,4.72,91.50,3.00,"187,226,235"
214,Decoy_163,3.45,93.00,3.00,"177,224,237"
215,Decoy_164,2.95,94.50,3.00,"206,249,261"
216,Decoy_165,0.61,96.00,3.00,"171,228,265"
217,Decoy_166,1.07,97.50,1.00,168
218,Decoy_167,1.98,99.00,2.00,"207,267"
219,Decoy_168,1.28,100.50,1.00,203
220,Decoy_169,0.01,102.00,3.00,"179,253,268"
221,Decoy_170,2.74,103.50,4.00,"171,239,246,247"
222,Decoy_171,0.81,105.00,3.00,"204,259,266"
223,Decoy_172,4.99,106.50,1.00,203
224,Decoy_173,4.41,108.00,4.00,"214,225,245,254"
225,Decoy_174,4.21,109.50,3.00,"224,233,272"
226,Decoy_175,0.98,111.00,1.00,213
227,Decoy_176,2.87,112.50,1.00,181
228,Decoy_177,1.62,114.00,1.00,216
229,Decoy_178,2.09,115.50,4.00,"190,242,270,279"
230,Decoy_179,0.93,117.00,3.00,"182,232,236"
231,Decoy_180,0.36,118.50,3.00,"194,276,281"
232,Decoy_181,0.89,120.00,1.00,230
233,Decoy_182,3.47,121.50,3.00,"225,241,256"
234,Decoy_183,0.02,123.00,3.00,"199,258,274"
235,Decoy_184,4.52,124.50,1.00,213
236,Decoy_185,3.91,126.00,2.00,"230,243"
237,Decoy_186,0.04,127.50,3.00,"214,238,282"
238,Decoy_187,3.23,129.00,1.00,237
239,Decoy_188,1.83,130.50,2.00,"221,280"
240,Decoy_189,2.82,132.00,1.00,191
241,Decoy_190,4.14,133.50,1.00,233
242,Decoy_191,2.24,135.00,3.00,"229,284,290"
243,Decoy_192,1.26,136.50,2.00,"236,288"
244,Decoy_193,4.22,138.00,2.00,"207,277"
245,Decoy_194,0.63,139.50,4.00,"224,251,269,273"
246,Decoy_195,1.88,141.00,1.00,221
247,Decoy_196,4.21,142.50,4.00,"221,250,252,296"
248,Decoy_197,3.95,144.00,1.00,201
249,Decoy_198,0.68,145.50,2.00,"215,262"
250,Decoy_199,2.61,147.00,1.00,247
251,Decoy_200,3.78,148.50,1.00,245
252,Decoy_201,2.33,0.00,2.00,"247,300"
253,Decoy_202,3.86,1.50,2.00,"220,255"
254,Decoy_203,1.13,3.00,1.00,224
255,Decoy_204,1.45,4.50,4.00,"253,257,263,283"
256,Decoy_205,2.34,6.00,1.00,233
257,Decoy_206,1.73,7.50,2.00,"255,286"
258,Decoy_207,0.60,9.00,2.00,"234,260"
259,Decoy_208,1.64,10.50,1.00,222
260,Decoy_209,1.15,12.00,2.00,"258,285"
261,Decoy_210,0.08,13.50,3.00,"215,264,299"
262,Decoy_211,4.61,15.00,1.00,249
263,Decoy_212,1.57,16.50,1.00,255
264,Decoy_213,2.50,18.00,1.00,261
265,Decoy_214,2.91,19.50,2.00,"216,275"
266,Decoy_215,1.96,21.00,2.00,"222,287"
267,Decoy_216,4.74,22.50,2.00,"218,271"
268,Decoy_217,2.81,24.00,2.00,"220,312"
269,Decoy_218,2.13,25.50,1.00,245
270,Decoy_219,2.19,27.00,2.00,"229,306"
271,Decoy_220,0.58,28.50,2.00,"267,302"
272,Decoy_221,4.16,30.00,2.00,"225,313"
273,Decoy_222,1.95,31.50,3.00,"245,298,314"
274,Decoy_223,0.47,33.00,1.00,234
275,Decoy_224,3.44,34.50,3.00,"265,293,320"
276,Decoy_225,1.73,36.00,2.00,"231,278"
277,Decoy_226,1.67,37.50,2.00,"244,301"
278,Decoy_227,1.88,39.00,3.00,"276,294,327"
279,Decoy_228,2.27,40.50,1.00,229
280,Decoy_229,2.59,42.00,1.00,239
281,Decoy_230,0.58,43.50,1.00,231
282,Decoy_231,0.09,45.00,1.00,237
283,Decoy_232,2.35,46.50,2.00,"255,305"
284,Decoy_233,2.27,48.00,2.00,"242,334"
285,Decoy_234,4.69,49.50,1.00,260
286,Decoy_235,4.61,51.00,4.00,"257,289,292,321"
287,Decoy_236,4.59,52.50,3.00,"266,291,309"
288,Decoy_237,1.44,54.00,2.00,"243,322"
289,Decoy_238,3.48,55.50,3.00,"286,308,325"
290,Decoy_239,0.67,57.00,3.00,"242,315,333"
291,Decoy_240,0.57,58.50,4.00,"287,297,330,331"
292,Decoy_241,4.03,60.00,3.00,"286,303,304"
293,Decoy_242,1.89,61.50,2.00,"275,295"
294,Decoy_243,1.83,63.00,2.00,"278,318"
295,Decoy_244,3.01,64.50,2.00,"293,323"
296,Decoy_245,1.20,66.00,2.00,"247,311"
297,Decoy_246,4.18,67.50,1.00,291
298,Decoy_247,4.09,69.00,2.00,"273,328"
299,Decoy_248,3.92,70.50,1.00,261
300,Decoy_249,3.49,72.00,1.00,252
301,Decoy_250,4.01,73.50,1.00,277
302,Decoy_251,2.25,75.00,4.00,"271,307,324,345"
303,Decoy_252,4.50,76.50,1.00,292
304,Decoy_253,1.22,78.00,1.00,292
305,Decoy_254,1.44,79.50,1.00,283
306,Decoy_255,2.68,81.00,4.00,"270,310,344,355"
307,Decoy_256,0.73,82.50,1.00,302
308,Decoy_257,2.18,84.00,2.00,"289,353"
309,Decoy_258,2.25,85.50,1.00,287
310,Decoy_259,3.23,87.00,1.00,306
311,Decoy_260,3.21,88.50,4.00,"296,317,335,350"
312,Decoy_261,3.12,90.00,4.00,"268,316,329,342"
313,Decoy_262,0.38,91.50,2.00,"272,343"
314,Decoy_263,0.84,93.00,2.00,"273,346"
315,Decoy_264,2.18,94.50,3.00,"290,326,338"
316,Decoy_265,2.16,96.00,1.00,312
317,Decoy_266,0.52,97.50,2.00,"311,319"
318,Decoy_267,3.33,99.00,2.00,"294,367"
319,Decoy_268,0.86,100.50,1.00,317
320,Decoy_269,1.97,102.00,2.00,"275,356"
321,Decoy_270,0.26,103.50,1.00,286
322,Decoy_271,4.37,105.00,2.00,"288,337"
323,Decoy_272,2.73,106.50,1.00,295
324,Decoy_273,2.37,108.00,2.00,"302,339"
325,Decoy_274,2.20,109.50,3.00,"289,351,359"
326,Decoy_275,3.51,111.00,2.00,"315,347"
327,Decoy_276,4.79,112.50,2.00,"278,365"
328,Decoy_277,2.12,114.00,5.00,"298,341,369,370,378"
329,Decoy_278,2.47,115.50,5.00,"312,336,340,362,366"
330,Decoy_279,3.15,117.00,3.00,"291,332,360"
331,Decoy_280,4.70,118.50,2.00,"291,361"
332,Decoy_281,3.24,120.00,2.00,"330,372"
333,Decoy_282,1.38,121.50,1.00,290
334,Decoy_283,3.16,123.00,1.00,284
335,Decoy_284,4.35,124.50,2.00,"311,352"
336,Decoy_285,4.58,126.00,1.00,329
337,Decoy_286,1.56,127.50,1.00,322
338,Decoy_287,0.28,129.00,1.00,315
339,Decoy_288,3.31,130.50,1.00,324
340,Decoy_289,4.26,132.00,3.00,"329,358,388"
341,Decoy_290,4.16,133.50,1.00,328
342,Decoy_291,0.34,135.00,1.00,312
343,Decoy_292,2.44,136.50,5.00,"313,349,354,373,389"
344,Decoy_293,2.86,138.00,2.00,"306,363"
345,Decoy_294,0.47,139.50,1.00,302
346,Decoy_295,3.58,141.00,2.00,"314,364"
347,Decoy_296,3.18,142.50,3.00,"326,348,374"
348,Decoy_297,3.57,144.00,3.00,"347,380,385"
349,Decoy_298,2.69,145.50,1.00,343
350,Decoy_299,0.81,147.00,2.00,"311,377"
351,Decoy_300,2.02,148.50,5.00,"325,375,396,399,401"
352,Decoy_301,4.29,0.00,1.00,335
353,Decoy_302,3.58,1.50,3.00,"308,357,371"
354,Decoy_303,4.64,3.00,3.00,"343,382,391"
355,Decoy_304,3.86,4.50,2.00,"306,376"
356,Decoy_305,0.73,6.00,1.00,320
357,Decoy_306,2.22,7.50,1.00,353
358,Decoy_307,4.25,9.00,1.00,340
359,Decoy_308,3.68,10.50,2.00,"325,386"
360,Decoy_309,3.37,12.00,3.00,"330,387,402"
361,Decoy_310,1.10,13.50,2.00,"331,384"
362,Decoy_311,3.68,15.00,3.00,"329,368,394"
363,Decoy_312,3.01,16.50,2.00,"344,392"
364,Decoy_313,1.15,18.00,2.00,"346,403"
365,Decoy_314,4.61,19.50,2.00,"327,393"
366,Decoy_315,4.27,21.00,2.00,"329,390"
367,Decoy_316,0.03,22.50,1.00,318
368,Decoy_317,1.88,24.00,3.00,"362,381,406"
369,Decoy_318,2.95,25.50,4.00,"328,400,405,407"
370,Decoy_319,0.59,27.00,1.00,328
371,Decoy_320,2.26,28.50,1.00,353
372,Decoy_321,1.95,30.00,2.00,"332,420"
373,Decoy_322,2.19,31.50,2.00,"343,379"
374,Decoy_323,3.94,33.00,2.00,"347,414"
375,Decoy_324,3.47,34.50,1.00,351
376,Decoy_325,3.62,36.00,1.00,355
377,Decoy_326,3.72,37.50,1.00,350
378,Decoy_327,1.02,39.00,2.00,"328,383"
379,Decoy_328,1.69,40.50,1.00,373
380,Decoy_329,4.89,42.00,3.00,"348,395,418"
381,Decoy_330,0.24,43.50,2.00,"368,424"
382,Decoy_331,0.75,45.00,1.00,354
383,Decoy_332,1.76,46.50,1.00,378
384,Decoy_333,1.60,48.00,1.00,361
385,Decoy_334,4.04,49.50,1.00,348
386,Decoy_335,2.24,51.00,1.00,359
387,Decoy_336,3.29,52.50,2.00,"360,436"
388,Decoy_337,4.76,54.00,2.00,"340,432"
389,Decoy_338,4.54,55.50,2.00,"343,421"
390,Decoy_339,0.26,57.00,4.00,"366,397,404,429"
391,Decoy_340,1.76,58.50,2.00,"354,398"
392,Decoy_341,3.16,60.00,3.00,"363,412,431"
393,Decoy_342,2.92,61.50,4.00,"365,410,415,428"
394,Decoy_343,4.60,63.00,1.00,362
395,Decoy_344,1.84,64.50,2.00,"380,409"
396,Decoy_345,2.84,66.00,1.00,351
397,Decoy_346,3.11,67.50,2.00,"390,411"
398,Decoy_347,0.57,69.00,1.00,391
399,Decoy_348,3.14,70.50,4.00,"351,417,419,438"
400,Decoy_349,1.16,72.00,2.00,"369,416"
401,Decoy_350,4.19,73.50,1.00,351
402,Decoy_351,4.60,75.00,3.00,"360,413,435"
403,Decoy_352,3.64,76.50,2.00,"364,422"
404,Decoy_353,2.24,78.00,3.00,"390,425,439"
405,Decoy_354,0.40,79.50,1.00,369
406,Decoy_355,3.89,81.00,2.00,"368,408"
407,Decoy_356,2.50,82.50,1.00,369
408,Decoy_357,2.62,84.00,3.00,"406,426,446"
409,Decoy_358,4.45,85.50,1.00,395
410,Decoy_359,4.33,87.00,2.00,"393,440"
411,Decoy_360,1.71,88.50,2.00,"397,441"
412,Decoy_361,3.50,90.00,4.00,"392,443,444,453"
413,Decoy_362,3.38,91.50,1.00,402
414,Decoy_363,0.18,93.00,1.00,374
415,Decoy_364,0.99,94.50,3.00,"393,454,462"
416,Decoy_365,3.18,96.00,3.00,"400,423,450"
417,Decoy_366,4.45,97.50,3.00,"399,457,460"
418,Decoy_367,3.89,99.00,3.00,"380,433,445"
419,Decoy_368,0.50,100.50,1.00,399
420,Decoy_369,2.31,102.00,1.00,372
421,Decoy_370,2.79,103.50,4.00,"389,427,447,449"
422,Decoy_371,3.95,105.00,2.00,"403,466"
423,Decoy_372,0.24,106.50,4.00,"416,451,468,469"
424,Decoy_373,0.53,108.00,2.00,"381,430"
425,Decoy_374,4.05,109.50,1.00,404
426,Decoy_375,1.97,111.00,2.00,"408,437"
427,Decoy_376,2.33,112.50,1.00,421
428,Decoy_377,0.13,114.00,1.00,393
429,Decoy_378,3.91,115.50,2.00,"390,464"
430,Decoy_379,3.30,117.00,1.00,424
431,Decoy_380,3.74,118.50,2.00,"392,463"
432,Decoy_381,0.16,120.00,2.00,"388,458"
433,Decoy_382,1.41,121.50,3.00,"418,434,482"
434,Decoy_383,0.51,123.00,3.00,"433,456,476"
435,Decoy_384,1.90,124.50,2.00,"402,442"
436,Decoy_385,1.56,126.00,1.00,387
437,Decoy_386,3.73,127.50,4.00,"426,477,479,480"
438,Decoy_387,2.49,129.00,2.00,"399,470"
439,Decoy_388,4.33,130.50,3.00,"404,467,486"
440,Decoy_389,4.97,132.00,2.00,"410,459"
441,Decoy_390,3.30,133.50,3.00,"411,461,478"
442,Decoy_391,4.61,135.00,2.00,"435,452"
443,Decoy_392,3.43,136.50,2.00,"412,448"
444,Decoy_393,0.49,138.00,2.00,"412,475"
445,Decoy_394,2.84,139.50,2.00,"418,487"
446,Decoy_395,3.99,141.00,1.00,408
447,Decoy_396,3.83,142.50,2.00,"421,495"
448,Decoy_397,3.06,144.00,3.00,"443,455,465"
449,Decoy_398,4.98,145.50,1.00,421
450,Decoy_399,2.54,147.00,1.00,416
451,Decoy_400,2.83,148.50,2.00,"423,490"
452,Decoy_401,1.69,0.00,2.00,"442,474"
453,Decoy_402,2.77,1.50,2.00,"412,471"
454,Decoy_403,4.74,3.00,3.00,"415,493,498"
455,Decoy_404,2.21,4.50,2.00,"448,500"
456,Decoy_405,2.26,6.00,1.00,434
457,Decoy_406,0.17,7.50,1.00,417
458,Decoy_407,3.96,9.00,1.00,432
459,Decoy_408,3.96,10.50,1.00,440
460,Decoy_409,3.45,12.00,1.00,417
461,Decoy_410,2.60,13.50,1.00,441
462,Decoy_411,3.11,15.00,2.00,"415,509"
463,Decoy_412,2.74,16.50,1.00,431
464,Decoy_413,3.64,18.00,1.00,429
465,Decoy_414,2.86,19.50,1.00,448
466,Decoy_415,0.82,21.00,3.00,"422,496,508"
467,Decoy_416,3.73,22.50,2.00,"439,485"
468,Decoy_417,1.91,24.00,2.00,"423,483"
469,Decoy_418,4.00,25.50,4.00,"423,492,512,516"
470,Decoy_419,4.28,27.00,1.00,438
471,Decoy_420,0.21,28.50,3.00,"453,472,507"
472,Decoy_421,0.98,30.00,3.00,"471,473,488"
473,Decoy_422,3.84,31.50,3.00,"472,491,513"
474,Decoy_423,1.71,33.00,1.00,452
475,Decoy_424,0.10,34.50,1.00,444
476,Decoy_425,3.78,36.00,1.00,434
477,Decoy_426,1.61,37.50,2.00,"437,525"
478,Decoy_427,4.80,39.00,2.00,"441,484"
479,Decoy_428,2.03,40.50,2.00,"437,526"
480,Decoy_429,2.73,42.00,2.00,"437,481"
481,Decoy_430,3.97,43.50,2.00,"480,514"
482,Decoy_431,0.79,45.00,2.00,"433,489"
483,Decoy_432,2.67,46.50,2.00,"468,511"
484,Decoy_433,3.85,48.00,2.00,"478,497"
485,Decoy_434,2.41,49.50,3.00,"467,504,524"
486,Decoy_435,1.40,51.00,1.00,439
487,Decoy_436,2.66,52.50,2.00,"445,517"
488,Decoy_437,4.83,54.00,5.00,"472,494,499,502,530"
489,Decoy_438,0.07,55.50,2.00,"482,531"
490,Decoy_439,2.76,57.00,2.00,"451,505"
491,Decoy_440,2.51,58.50,2.00,"473,515"
492,Decoy_441,1.59,60.00,3.00,"469,506,532"
493,Decoy_442,0.55,61.50,2.00,"454,537"
494,Decoy_443,3.76,63.00,1.00,488
495,Decoy_444,3.33,64.50,2.00,"447,519"
496,Decoy_445,4.68,66.00,2.00,"466,541"
497,Decoy_446,3.38,67.50,2.00,"484,501"
498,Decoy_447,3.04,69.00,1.00,454
499,Decoy_448,4.30,70.50,3.00,"488,503,521"
500,Decoy_449,0.04,72.00,2.00,"455,523"
501,Decoy_450,0.95,73.50,3.00,"497,527,539"
502,Decoy_451,4.88,75.00,1.00,488
503,Decoy_452,3.95,76.50,1.00,499
504,Decoy_453,2.06,78.00,4.00,"485,520,542,547"
505,Decoy_454,3.01,79.50,4.00,"490,510,518,548"
506,Decoy_455,4.77,81.00,3.00,"492,528,544"
507,Decoy_456,2.00,82.50,2.00,"471,556"
508,Decoy_457,4.07,84.00,2.00,"466,540"
509,Decoy_458,2.97,85.50,2.00,"462,536"
510,Decoy_459,2.13,87.00,2.00,"505,522"
511,Decoy_460,1.57,88.50,1.00,483
512,Decoy_461,3.88,90.00,1.00,469
513,Decoy_462,4.15,91.50,2.00,"473,545"
514,Decoy_463,3.09,93.00,2.00,"481,564"
515,Decoy_464,2.11,94.50,2.00,"491,552"
516,Decoy_465,1.42,96.00,1.00,469
517,Decoy_466,1.46,97.50,1.00,487
518,Decoy_467,1.02,99.00,2.00,"505,535"
519,Decoy_468,4.33,100.50,4.00,"495,533,546,560"
520,Decoy_469,0.92,102.00,3.00,"504,529,538"
521,Decoy_470,3.42,103.50,2.00,"499,561"
522,Decoy_471,2.64,105.00,2.00,"510,569"
523,Decoy_472,4.54,106.50,1.00,500
524,Decoy_473,3.66,108.00,3.00,"485,555,568"
525,Decoy_474,4.16,109.50,1.00,477
526,Decoy_475,0.72,111.00,2.00,"479,570"
527,Decoy_476,3.80,112.50,1.00,501
528,Decoy_477,3.41,114.00,2.00,"506,565"
529,Decoy_478,4.01,115.50,2.00,"520,567"
530,Decoy_479,4.06,117.00,1.00,488
531,Decoy_480,3.04,118.50,2.00,"489,534"
532,Decoy_481,2.98,120.00,2.00,"492,553"
533,Decoy_482,3.76,121.50,2.00,"519,554"
534,Decoy_483,4.26,123.00,1.00,531
535,Decoy_484,2.64,124.50,1.00,518
536,Decoy_485,3.70,126.00,1.00,509
537,Decoy_486,1.98,127.50,1.00,493
538,Decoy_487,3.56,129.00,3.00,"520,558,584"
539,Decoy_488,2.51,130.50,1.00,501
540,Decoy_489,1.10,132.00,2.00,"508,543"
541,Decoy_490,2.99,133.50,2.00,"496,573"
542,Decoy_491,0.66,135.00,2.00,"504,551"
543,Decoy_492,4.71,136.50,2.00,"540,577"
544,Decoy_493,0.82,138.00,1.00,506
545,Decoy_494,3.41,139.50,3.00,"513,550,562"
546,Decoy_495,2.16,141.00,4.00,"519,549,566,591"
547,Decoy_496,4.63,142.50,1.00,504
548,Decoy_497,4.06,144.00,1.00,505
549,Decoy_498,1.67,145.50,2.00,"546,581"
550,Decoy_499,2.11,147.00,2.00,"545,588"
551,Decoy_500,2.76,148.50,2.00,"542,590"
552,Decoy_501,0.84,0.00,1.00,515
553,Decoy_502,4.22,1.50,1.00,532
554,Decoy_503,1.80,3.00,2.00,"533,559"
555,Decoy_504,3.64,4.50,3.00,"524,557,586"
556,Decoy_505,4.85,6.00,2.00,"507,574"
557,Decoy_506,1.65,7.50,1.00,555
558,Decoy_507,0.04,9.00,2.00,"538,563"
559,Decoy_508,0.56,10.50,3.00,"554,583,608"
560,Decoy_509,4.17,12.00,1.00,519
561,Decoy_510,0.13,13.50,2.00,"521,572"
562,Decoy_511,1.66,15.00,1.00,545
563,Decoy_512,2.55,16.50,4.00,"558,587,594,607"
564,Decoy_513,4.97,18.00,3.00,"514,575,582"
565,Decoy_514,4.69,19.50,3.00,"528,596,606"
566,Decoy_515,1.90,21.00,1.00,546
567,Decoy_516,0.58,22.50,3.00,"529,580,605"
568,Decoy_517,1.38,24.00,1.00,524
569,Decoy_518,1.31,25.50,5.00,"522,585,593,597,604"
570,Decoy_519,1.40,27.00,3.00,"526,571,603"
571,Decoy_520,0.44,28.50,2.00,"570,576"
572,Decoy_521,3.68,30.00,1.00,561
573,Decoy_522,2.58,31.50,2.00,"541,579"
574,Decoy_523,2.14,33.00,2.00,"556,578"
575,Decoy_524,0.64,34.50,3.00,"564,600,601"
576,Decoy_525,0.29,36.00,3.00,"571,619,624"
577,Decoy_526,1.11,37.50,1.00,543
578,Decoy_527,1.77,39.00,2.00,"574,598"
579,Decoy_528,4.19,40.50,1.00,573
580,Decoy_529,2.12,42.00,1.00,567
581,Decoy_530,1.89,43.50,2.00,"549,609"
582,Decoy_531,1.63,45.00,3.00,"564,589,617"
583,Decoy_532,2.35,46.50,1.00,559
584,Decoy_533,2.40,48.00,2.00,"538,621"
585,Decoy_534,3.84,49.50,1.00,569
586,Decoy_535,0.72,51.00,2.00,"555,611"
587,Decoy_536,1.75,52.50,3.00,"563,599,628"
588,Decoy_537,1.05,54.00,2.00,"550,630"
589,Decoy_538,0.67,55.50,2.00,"582,639"
590,Decoy_539,0.73,57.00,2.00,"551,592"
591,Decoy_540,0.13,58.50,1.00,546
592,Decoy_541,0.18,60.00,1.00,590
593,Decoy_542,3.14,61.50,2.00,"569,633"
594,Decoy_543,4.79,63.00,4.00,"563,595,613,618"
595,Decoy_544,2.14,64.50,2.00,"594,635"
596,Decoy_545,4.93,66.00,1.00,565
597,Decoy_546,0.13,67.50,2.00,"569,602"
598,Decoy_547,0.57,69.00,1.00,578
599,Decoy_548,2.25,70.50,1.00,587
600,Decoy_549,3.88,72.00,2.00,"575,632"
601,Decoy_550,3.20,73.50,3.00,"575,626,650"
602,Decoy_551,4.55,75.00,3.00,"597,612,647"
603,Decoy_552,2.44,76.50,2.00,"570,637"
604,Decoy_553,2.11,78.00,3.00,"569,610,616"
605,Decoy_554,3.15,79.50,2.00,"567,629"
606,Decoy_555,1.31,81.00,1.00,565
607,Decoy_556,1.94,82.50,3.00,"563,646,648"
608,Decoy_557,4.16,84.00,3.00,"559,623,643"
609,Decoy_558,1.59,85.50,1.00,581
610,Decoy_559,1.64,87.00,2.00,"604,615"
611,Decoy_560,3.70,88.50,3.00,"586,614,625"
612,Decoy_561,2.65,90.00,3.00,"602,620,634"
613,Decoy_562,2.83,91.50,2.00,"594,622"
614,Decoy_563,3.12,93.00,3.00,"611,641,663"
615,Decoy_564,2.37,94.50,2.00,"610,661"
616,Decoy_565,1.68,96.00,2.00,"604,627"
617,Decoy_566,4.63,97.50,3.00,"582,645,652"
618,Decoy_567,3.28,99.00,3.00,"594,638,644"
619,Decoy_568,1.02,100.50,2.00,"576,640"
620,Decoy_569,1.60,102.00,2.00,"612,667"
621,Decoy_570,1.83,103.50,1.00,584
622,Decoy_571,2.88,105.00,3.00,"613,665,668"
623,Decoy_572,4.73,106.50,1.00,608
624,Decoy_573,1.17,108.00,3.00,"576,642,653"
625,Decoy_574,1.46,109.50,1.00,611
626,Decoy_575,1.17,111.00,1.00,601
627,Decoy_576,1.95,112.50,2.00,"616,675"
628,Decoy_577,2.81,114.00,2.00,"587,631"
629,Decoy_578,1.88,115.50,2.00,"605,659"
630,Decoy_579,1.17,117.00,1.00,588
631,Decoy_580,4.17,118.50,3.00,"628,636,680"
632,Decoy_581,1.45,120.00,2.00,"600,660"
633,Decoy_582,1.57,121.50,2.00,"593,678"
634,Decoy_583,1.86,123.00,1.00,612
635,Decoy_584,1.00,124.50,1.00,595
636,Decoy_585,4.54,126.00,2.00,"631,649"
637,Decoy_586,4.87,127.50,1.00,603
638,Decoy_587,0.89,129.00,3.00,"618,672,686"
639,Decoy_588,0.93,130.50,2.00,"589,658"
640,Decoy_589,4.84,132.00,2.00,"619,670"
641,Decoy_590,1.95,133.50,1.00,614
642,Decoy_591,2.71,135.00,3.00,"624,664,684"
643,Decoy_592,4.53,136.50,1.00,608
644,Decoy_593,3.76,138.00,1.00,618
645,Decoy_594,4.56,139.50,2.00,"617,655"
646,Decoy_595,2.43,141.00,1.00,607
647,Decoy_596,4.29,142.50,1.00,602
648,Decoy_597,1.39,144.00,5.00,"607,654,656,679,689"
649,Decoy_598,4.29,145.50,3.00,"636,651,687"
650,Decoy_599,2.75,147.00,1.00,601
651,Decoy_600,1.06,148.50,3.00,"649,673,681"
652,Decoy_601,1.02,0.00,5.00,"617,657,674,685,702"
653,Decoy_602,1.22,1.50,2.00,"624,669"
654,Decoy_603,3.66,3.00,2.00,"648,662"
655,Decoy_604,3.39,4.50,2.00,"645,688"
656,Decoy_605,1.55,6.00,1.00,648
657,Decoy_606,0.46,7.50,1.00,652
658,Decoy_607,0.76,9.00,1.00,639
659,Decoy_608,0.82,10.50,3.00,"629,682,697"
660,Decoy_609,1.69,12.00,1.00,632
661,Decoy_610,0.14,13.50,1.00,615
662,Decoy_611,1.23,15.00,3.00,"654,666,710"
663,Decoy_612,2.19,16.50,3.00,"614,692,695"
664,Decoy_613,2.34,18.00,2.00,"642,693"
665,Decoy_614,3.40,19.50,2.00,"622,708"
666,Decoy_615,2.08,21.00,1.00,662
667,Decoy_616,4.09,22.50,2.00,"620,676"
668,Decoy_617,1.47,24.00,3.00,"622,677,691"
669,Decoy_618,1.01,25.50,2.00,"653,671"
670,Decoy_619,3.93,27.00,2.00,"640,683"
671,Decoy_620,4.42,28.50,1.00,669
672,Decoy_621,0.03,30.00,2.00,"638,696"
673,Decoy_622,1.13,31.50,2.00,"651,711"
674,Decoy_623,1.80,33.00,3.00,"652,699,720"
675,Decoy_624,1.86,34.50,2.00,"627,706"
676,Decoy_625,3.19,36.00,3.00,"667,715,719"
677,Decoy_626,1.81,37.50,2.00,"668,707"
678,Decoy_627,3.46,39.00,1.00,633
679,Decoy_628,0.06,40.50,3.00,"648,709,721"
680,Decoy_629,4.42,42.00,2.00,"631,730"
681,Decoy_630,1.94,43.50,3.00,"651,694,717"
682,Decoy_631,0.53,45.00,1.00,659
683,Decoy_632,0.56,46.50,2.00,"670,690"
684,Decoy_633,3.54,48.00,1.00,642
685,Decoy_634,4.04,49.50,3.00,"652,729,735"
686,Decoy_635,0.29,51.00,1.00,638
687,Decoy_636,4.81,52.50,1.00,649
688,Decoy_637,2.05,54.00,1.00,655
689,Decoy_638,2.93,55.50,1.00,648
690,Decoy_639,1.54,57.00,3.00,"683,700,713"
691,Decoy_640,2.61,58.50,2.00,"668,705"
692,Decoy_641,2.01,60.00,2.00,"663,727"
693,Decoy_642,1.16,61.50,1.00,664
694,Decoy_643,3.72,63.00,2.00,"681,701"
695,Decoy_644,1.50,64.50,2.00,"663,698"
696,Decoy_645,2.55,66.00,3.00,"672,704,712"
697,Decoy_646,0.88,67.50,1.00,659
698,Decoy_647,0.19,69.00,1.00,695
699,Decoy_648,4.45,70.50,2.00,"674,703"
700,Decoy_649,4.55,72.00,2.00,"690,743"
701,Decoy_650,0.43,73.50,2.00,"694,722"
702,Decoy_651,1.71,75.00,2.00,"652,716"
703,Decoy_652,0.22,76.50,2.00,"699,725"
704,Decoy_653,0.75,78.00,3.00,"696,714,744"
705,Decoy_654,0.36,79.50,2.00,"691,732"
706,Decoy_655,1.15,81.00,1.00,675
707,Decoy_656,4.27,82.50,1.00,677
708,Decoy_657,0.66,84.00,2.00,"665,746"
709,Decoy_658,3.95,85.50,3.00,"679,726,731"
710,Decoy_659,0.30,87.00,1.00,662
711,Decoy_660,0.06,88.50,4.00,"673,728,751,760"
712,Decoy_661,0.66,90.00,2.00,"696,758"
713,Decoy_662,0.59,91.50,3.00,"690,723,741"
714,Decoy_663,1.21,93.00,2.00,"704,724"
715,Decoy_664,2.65,94.50,2.00,"676,718"
716,Decoy_665,0.98,96.00,1.00,702
717,Decoy_666,4.60,97.50,2.00,"681,745"
718,Decoy_667,0.78,99.00,2.00,"715,757"
719,Decoy_668,0.98,100.50,2.00,"676,737"
720,Decoy_669,0.10,102.00,2.00,"674,733"
721,Decoy_670,2.18,103.50,1.00,679
722,Decoy_671,3.17,105.00,3.00,"701,752,767"
723,Decoy_672,1.40,106.50,3.00,"713,734,771"
724,Decoy_673,2.94,108.00,1.00,714
725,Decoy_674,3.25,109.50,1.00,703
726,Decoy_675,3.81,111.00,3.00,"709,756,775"
727,Decoy_676,3.86,112.50,1.00,692
728,Decoy_677,0.55,114.00,2.00,"711,738"
729,Decoy_678,0.79,115.50,4.00,"685,768,770,779"
730,Decoy_679,3.28,117.00,2.00,"680,749"
731,Decoy_680,4.92,118.50,3.00,"709,739,748"
732,Decoy_681,2.27,120.00,1.00,705
733,Decoy_682,3.85,121.50,2.00,"720,755"
734,Decoy_683,0.93,123.00,1.00,723
735,Decoy_684,2.50,124.50,4.00,"685,736,740,742"
736,Decoy_685,1.11,126.00,1.00,735
737,Decoy_686,1.17,127.50,1.00,719
738,Decoy_687,0.77,129.00,2.00,"728,762"
739,Decoy_688,4.30,130.50,3.00,"731,747,777"
740,Decoy_689,2.95,132.00,2.00,"735,766"
741,Decoy_690,2.87,133.50,4.00,"713,753,764,769"
742,Decoy_691,0.92,135.00,2.00,"735,765"
743,Decoy_692,0.57,136.50,1.00,700
744,Decoy_693,1.89,138.00,1.00,704
745,Decoy_694,1.66,139.50,1.00,717
746,Decoy_695,1.73,141.00,4.00,"708,778,791,794"
747,Decoy_696,2.33,142.50,3.00,"739,763,788"
748,Decoy_697,2.94,144.00,2.00,"731,761"
749,Decoy_698,0.06,145.50,4.00,"730,750,754,793"
750,Decoy_699,2.40,147.00,1.00,749
751,Decoy_700,3.43,148.50,1.00,711
752,Decoy_701,2.71,0.00,1.00,722
753,Decoy_702,1.33,1.50,3.00,"741,759,798"
754,Decoy_703,4.36,3.00,2.00,"749,773"
755,Decoy_704,0.85,4.50,2.00,"733,781"
756,Decoy_705,0.88,6.00,4.00,"726,772,787,800"
757,Decoy_706,2.16,7.50,1.00,718
758,Decoy_707,4.00,9.00,1.00,712
759,Decoy_708,3.53,10.50,1.00,753
760,Decoy_709,0.02,12.00,1.00,711
761,Decoy_710,1.86,13.50,2.00,"748,790"
762,Decoy_711,4.93,15.00,1.00,738
763,Decoy_712,2.62,16.50,1.00,747
764,Decoy_713,4.57,18.00,3.00,"741,789,795"
765,Decoy_714,0.10,19.50,1.00,742
766,Decoy_715,3.79,21.00,2.00,"740,784"
767,Decoy_716,4.42,22.50,2.00,"722,785"
768,Decoy_717,3.54,24.00,2.00,"729,817"
769,Decoy_718,2.10,25.50,2.00,"741,774"
770,Decoy_719,1.04,27.00,2.00,"729,796"
771,Decoy_720,0.30,28.50,2.00,"723,803"
772,Decoy_721,4.28,30.00,3.00,"756,814,819"
773,Decoy_722,2.04,31.50,2.00,"754,820"
774,Decoy_723,4.13,33.00,3.00,"769,783,811"
775,Decoy_724,1.22,34.50,3.00,"726,776,782"
776,Decoy_725,4.44,36.00,4.00,"775,797,809,821"
777,Decoy_726,2.42,37.50,2.00,"739,802"
778,Decoy_727,1.78,39.00,2.00,"746,780"
779,Decoy_728,4.10,40.50,2.00,"729,799"
780,Decoy_729,2.16,42.00,2.00,"778,786"
781,Decoy_730,3.65,43.50,1.00,755
782,Decoy_731,0.74,45.00,1.00,775
783,Decoy_732,4.11,46.50,2.00,"774,823"
784,Decoy_733,2.77,48.00,2.00,"766,792"
785,Decoy_734,0.87,49.50,1.00,767
786,Decoy_735,3.31,51.00,4.00,"780,810,812,830"
787,Decoy_736,4.48,52.50,2.00,"756,832"
788,Decoy_737,4.84,54.00,4.00,"747,806,836,837"
789,Decoy_738,1.72,55.50,1.00,764
790,Decoy_739,3.26,57.00,2.00,"761,825"
791,Decoy_740,2.80,58.50,2.00,"746,831"
792,Decoy_741,1.36,60.00,3.00,"784,801,807"
793,Decoy_742,4.33,61.50,1.00,749
794,Decoy_743,0.09,63.00,1.00,746
795,Decoy_744,3.38,64.50,3.00,"764,815,826"
796,Decoy_745,4.73,66.00,3.00,"770,804,828"
797,Decoy_746,0.18,67.50,2.00,"776,835"
798,Decoy_747,1.49,69.00,2.00,"753,844"
799,Decoy_748,1.23,70.50,2.00,"779,808"
800,Decoy_749,0.33,72.00,2.00,"756,805"
801,Decoy_750,1.56,73.50,2.00,"792,849"
802,Decoy_751,0.73,75.00,3.00,"777,834,842"
803,Decoy_752,4.51,76.50,2.00,"771,813"
804,Decoy_753,1.19,78.00,2.00,"796,839"
805,Decoy_754,2.56,79.50,2.00,"800,838"
806,Decoy_755,2.68,81.00,1.00,788
807,Decoy_756,0.36,82.50,2.00,"792,843"
808,Decoy_757,1.96,84.00,1.00,799
809,Decoy_758,2.34,85.50,2.00,"776,822"
810,Decoy_759,2.31,87.00,4.00,"786,853,854,858"
811,Decoy_760,4.15,88.50,3.00,"774,847,859"
812,Decoy_761,5.00,90.00,3.00,"786,827,846"
813,Decoy_762,1.57,91.50,1.00,803
814,Decoy_763,0.54,93.00,2.00,"772,863"
815,Decoy_764,2.93,94.50,2.00,"795,816"
816,Decoy_765,3.62,96.00,2.00,"815,818"
817,Decoy_766,3.37,97.50,1.00,768
818,Decoy_767,4.07,99.00,2.00,"816,829"
819,Decoy_768,3.01,100.50,2.00,"772,824"
820,Decoy_769,3.03,102.00,2.00,"773,833"
821,Decoy_770,1.40,103.50,2.00,"776,851"
822,Decoy_771,2.35,105.00,1.00,809
823,Decoy_772,3.61,106.50,1.00,783
824,Decoy_773,2.16,108.00,2.00,"819,850"
825,Decoy_774,2.62,109.50,1.00,790
826,Decoy_775,1.81,111.00,2.00,"795,841"
827,Decoy_776,1.13,112.50,1.00,812
828,Decoy_777,4.24,114.00,1.00,796
829,Decoy_778,4.36,115.50,4.00,"818,857,860,862"
830,Decoy_779,3.46,117.00,1.00,786
831,Decoy_780,0.59,118.50,2.00,"791,880"
832,Decoy_781,2.48,120.00,3.00,"787,852,872"
833,Decoy_782,1.60,121.50,3.00,"820,881,882"
834,Decoy_783,0.46,123.00,2.00,"802,845"
835,Decoy_784,0.43,124.50,2.00,"797,879"
836,Decoy_785,0.10,126.00,3.00,"788,848,877"
837,Decoy_786,0.96,127.50,4.00,"788,840,867,883"
838,Decoy_787,3.95,129.00,2.00,"805,873"
839,Decoy_788,0.15,130.50,2.00,"804,864"
840,Decoy_789,2.07,132.00,1.00,837
841,Decoy_790,3.82,133.50,3.00,"826,868,884"
842,Decoy_791,0.03,135.00,1.00,802
843,Decoy_792,2.32,136.50,1.00,807
844,Decoy_793,0.98,138.00,1.00,798
845,Decoy_794,0.46,139.50,2.00,"834,871"
846,Decoy_795,1.85,141.00,1.00,812
847,Decoy_796,2.52,142.50,3.00,"811,869,889"
848,Decoy_797,4.85,144.00,2.00,"836,875"
849,Decoy_798,3.26,145.50,3.00,"801,887,899"
850,Decoy_799,2.95,147.00,3.00,"824,874,876"
851,Decoy_800,3.37,148.50,1.00,821
852,Decoy_801,4.58,0.00,2.00,"832,870"
853,Decoy_802,0.21,1.50,3.00,"810,865,891"
854,Decoy_803,4.39,3.00,2.00,"810,855"
855,Decoy_804,0.46,4.50,2.00,"854,856"
856,Decoy_805,1.59,6.00,1.00,855
857,Decoy_806,1.34,7.50,2.00,"829,898"
858,Decoy_807,0.63,9.00,2.00,"810,861"
859,Decoy_808,2.24,10.50,4.00,"811,890,896,900"
860,Decoy_809,1.49,12.00,1.00,829
861,Decoy_810,3.56,13.50,2.00,"858,892"
862,Decoy_811,0.68,15.00,2.00,"829,878"
863,Decoy_812,1.58,16.50,1.00,814
864,Decoy_813,4.72,18.00,3.00,"839,866,914"
865,Decoy_814,3.19,19.50,1.00,853
866,Decoy_815,4.18,21.00,1.00,864
867,Decoy_816,1.11,22.50,2.00,"837,888"
868,Decoy_817,4.86,24.00,1.00,841
869,Decoy_818,1.75,25.50,2.00,"847,911"
870,Decoy_819,2.13,27.00,1.00,852
871,Decoy_820,0.94,28.50,1.00,845
872,Decoy_821,3.15,30.00,1.00,832
873,Decoy_822,2.68,31.50,1.00,838
874,Decoy_823,4.29,33.00,2.00,"850,894"
875,Decoy_824,2.01,34.50,2.00,"848,918"
876,Decoy_825,0.76,36.00,1.00,850
877,Decoy_826,1.34,37.50,1.00,836
878,Decoy_827,3.69,39.00,2.00,"862,885"
879,Decoy_828,1.64,40.50,2.00,"835,909"
880,Decoy_829,3.13,42.00,2.00,"831,893"
881,Decoy_830,2.97,43.50,3.00,"833,926,928"
882,Decoy_831,1.79,45.00,2.00,"833,901"
883,Decoy_832,2.10,46.50,2.00,"837,904"
884,Decoy_833,1.94,48.00,2.00,"841,916"
885,Decoy_834,4.32,49.50,3.00,"878,886,927"
886,Decoy_835,4.18,51.00,1.00,885
887,Decoy_836,4.84,52.50,3.00,"849,895,902"
888,Decoy_837,4.13,54.00,1.00,867
889,Decoy_838,1.35,55.50,1.00,847
890,Decoy_839,3.90,57.00,3.00,"859,919,925"
891,Decoy_840,4.01,58.50,3.00,"853,917,937"
892,Decoy_841,3.53,60.00,2.00,"861,897"
893,Decoy_842,3.04,61.50,2.00,"880,906"
894,Decoy_843,4.58,63.00,1.00,874
895,Decoy_844,4.11,64.50,3.00,"887,915,923"
896,Decoy_845,4.20,66.00,1.00,859
897,Decoy_846,3.68,67.50,3.00,"892,943,945"
898,Decoy_847,4.65,69.00,4.00,"857,903,907,920"
899,Decoy_848,0.98,70.50,1.00,849
900,Decoy_849,2.60,72.00,2.00,"859,905"
901,Decoy_850,2.73,73.50,3.00,"882,908,933"
902,Decoy_851,3.96,75.00,1.00,887
903,Decoy_852,0.52,76.50,2.00,"898,921"
904,Decoy_853,0.35,78.00,3.00,"883,934,949"
905,Decoy_854,0.79,79.50,1.00,900
906,Decoy_855,4.77,81.00,1.00,893
907,Decoy_856,3.21,82.50,4.00,"898,910,912,947"
908,Decoy_857,0.94,84.00,2.00,"901,942"
909,Decoy_858,3.61,85.50,3.00,"879,913,922"
910,Decoy_859,4.72,87.00,2.00,"907,929"
911,Decoy_860,3.70,88.50,2.00,"869,954"
912,Decoy_861,4.79,90.00,4.00,"907,924,952,958"
913,Decoy_862,2.93,91.50,1.00,909
914,Decoy_863,3.42,93.00,1.00,864
915,Decoy_864,2.78,94.50,1.00,895
916,Decoy_865,0.45,96.00,2.00,"884,960"
917,Decoy_866,2.75,97.50,3.00,"891,938,956"
918,Decoy_867,2.37,99.00,1.00,875
919,Decoy_868,2.22,100.50,3.00,"890,939,955"
920,Decoy_869,1.17,102.00,2.00,"898,940"
921,Decoy_870,2.80,103.50,2.00,"903,941"
922,Decoy_871,3.20,105.00,1.00,909
923,Decoy_872,0.27,106.50,4.00,"895,935,961,962"
924,Decoy_873,4.07,108.00,1.00,912
925,Decoy_874,0.50,109.50,3.00,"890,948,966"
926,Decoy_875,4.82,111.00,2.00,"881,936"
927,Decoy_876,0.47,112.50,3.00,"885,930,932"
928,Decoy_877,0.61,114.00,3.00,"881,931,969"
929,Decoy_878,2.67,115.50,1.00,910
930,Decoy_879,3.03,117.00,1.00,927
931,Decoy_880,2.58,118.50,3.00,"928,951,972"
932,Decoy_881,0.21,120.00,1.00,927
933,Decoy_882,2.65,121.50,2.00,"901,946"
934,Decoy_883,1.45,123.00,1.00,904
935,Decoy_884,4.68,124.50,3.00,"923,963,973"
936,Decoy_885,3.70,126.00,3.00,"926,959,964"
937,Decoy_886,2.58,127.50,4.00,"891,944,978,980"
938,Decoy_887,2.40,129.00,1.00,917
939,Decoy_888,4.99,130.50,1.00,919
940,Decoy_889,1.46,132.00,3.00,"920,957,979"
941,Decoy_890,0.13,133.50,1.00,921
942,Decoy_891,1.57,135.00,2.00,"908,987"
943,Decoy_892,2.02,136.50,1.00,897
944,Decoy_893,1.45,138.00,1.00,937
945,Decoy_894,1.94,139.50,2.00,"897,970"
946,Decoy_895,0.36,141.00,1.00,933
947,Decoy_896,0.18,142.50,2.00,"907,990"
948,Decoy_897,0.24,144.00,3.00,"925,968,981"
949,Decoy_898,4.27,145.50,2.00,"904,950"
950,Decoy_899,3.58,147.00,2.00,"949,965"
951,Decoy_900,3.49,148.50,2.00,"931,989"
952,Decoy_901,3.26,0.00,3.00,"912,953,967"
953,Decoy_902,4.22,1.50,2.00,"952,977"
954,Decoy_903,3.71,3.00,2.00,"911,995"
955,Decoy_904,3.50,4.50,3.00,"919,984,999"
956,Decoy_905,1.69,6.00,1.00,917
957,Decoy_906,3.94,7.50,2.00,"940,1004"
958,Decoy_907,4.10,9.00,1.00,912
959,Decoy_908,3.43,10.50,3.00,"936,982,988"
960,Decoy_909,1.13,12.00,3.00,"916,1006,1007"
961,Decoy_910,3.71,13.50,1.00,923
962,Decoy_911,1.95,15.00,1.00,923
963,Decoy_912,2.12,16.50,2.00,"935,983"
964,Decoy_913,3.26,18.00,1.00,936
965,Decoy_914,3.66,19.50,1.00,950
966,Decoy_915,2.60,21.00,3.00,"925,975,976"
967,Decoy_916,0.91,22.50,1.00,952
968,Decoy_917,4.04,24.00,1.00,948
969,Decoy_918,2.02,25.50,2.00,"928,991"
970,Decoy_919,2.59,27.00,4.00,"945,971,974,992"
971,Decoy_920,3.26,28.50,2.00,"970,1014"
972,Decoy_921,3.28,30.00,1.00,931
973,Decoy_922,0.90,31.50,4.00,"935,986,994,1013"
974,Decoy_923,2.05,33.00,2.00,"970,997"
975,Decoy_924,3.67,34.50,1.00,966
976,Decoy_925,4.80,36.00,3.00,"966,1002,1019"
977,Decoy_926,2.36,37.50,2.00,"953,1000"
978,Decoy_927,1.03,39.00,2.00,"937,1023"
979,Decoy_928,1.48,40.50,4.00,"940,985,1005,1012"
980,Decoy_929,0.96,42.00,1.00,937
981,Decoy_930,4.25,43.50,2.00,"948,1016"
982,Decoy_931,3.57,45.00,1.00,959
983,Decoy_932,3.83,46.50,2.00,"963,1015"
984,Decoy_933,1.77,48.00,2.00,"955,1003"
985,Decoy_934,0.34,49.50,2.00,"979,996"
986,Decoy_935,2.06,51.00,1.00,973
987,Decoy_936,1.36,52.50,1.00,942
988,Decoy_937,1.33,54.00,3.00,"959,998,1028"
989,Decoy_938,3.56,55.50,1.00,951
990,Decoy_939,2.50,57.00,3.00,"947,1018,1033"
991,Decoy_940,2.92,58.50,3.00,"969,993,1040"
992,Decoy_941,1.34,60.00,3.00,"970,1017,1039"
993,Decoy_942,3.57,61.50,1.00,991
994,Decoy_943,0.84,63.00,3.00,"973,1001,1009"
995,Decoy_944,2.18,64.50,1.00,954
996,Decoy_945,0.26,66.00,3.00,"985,1010,1020"
997,Decoy_946,2.80,67.50,2.00,"974,1029"
998,Decoy_947,4.42,69.00,1.00,988
999,Decoy_948,4.01,70.50,2.00,"955,1026"
1000,Decoy_949,1.63,72.00,2.00,"977,1008"
1001,Decoy_950,0.98,73.50,1.00,994
1002,Decoy_951,1.27,75.00,2.00,"976,1048"
1003,Decoy_952,4.91,76.50,1.00,984
1004,Decoy_953,1.95,78.00,1.00,957
1005,Decoy_954,0.19,79.50,1.00,979
1006,Decoy_955,4.38,81.00,2.00,"960,1046"
1007,Decoy_956,4.65,82.50,3.00,"960,1021,1022"
1008,Decoy_957,2.70,84.00,3.00,"1000,1025,1044"
1009,Decoy_958,2.19,85.50,3.00,"994,1011,1058"
1010,Decoy_959,4.69,87.00,2.00,"996,1024"
1011,Decoy_960,3.00,88.50,1.00,1009
1012,Decoy_961,1.18,90.00,3.00,"979,1027,1038"
1013,Decoy_962,1.29,91.50,2.00,"973,1031"
1014,Decoy_963,1.82,93.00,3.00,"971,1034,1035"
1015,Decoy_964,4.31,94.50,2.00,"983,1032"
1016,Decoy_965,2.15,96.00,2.00,"981,1030"
1017,Decoy_966,0.87,97.50,3.00,"992,1054,1055"
1018,Decoy_967,2.16,99.00,2.00,"990,1037"
1019,Decoy_968,0.41,100.50,3.00,"976,1049,1068"
1020,Decoy_969,2.77,102.00,1.00,996
1021,Decoy_970,1.93,103.50,2.00,"1007,1047"
1022,Decoy_971,3.21,105.00,1.00,1007
1023,Decoy_972,3.40,106.50,1.00,978
1024,Decoy_973,0.50,108.00,3.00,"1010,1052,1070"
1025,Decoy_974,2.64,109.50,3.00,"1008,1053,1073"
1026,Decoy_975,4.39,111.00,1.00,999
1027,Decoy_976,1.07,112.50,1.00,1012
1028,Decoy_977,0.55,114.00,2.00,"988,1045"
1029,Decoy_978,3.37,115.50,1.00,997
1030,Decoy_979,1.81,117.00,2.00,"1016,1036"
1031,Decoy_980,1.12,118.50,1.00,1013
1032,Decoy_981,3.51,120.00,1.00,1015
1033,Decoy_982,0.24,121.50,2.00,"990,1061"
1034,Decoy_983,0.66,123.00,3.00,"1014,1042,1050"
1035,Decoy_984,3.51,124.50,1.00,1014
1036,Decoy_985,4.49,126.00,3.00,"1030,1066,1080"
1037,Decoy_986,1.56,127.50,3.00,"1018,1082,1087"
1038,Decoy_987,1.95,129.00,3.00,"1012,1041,1072"
1039,Decoy_988,0.86,130.50,1.00,992
1040,Decoy_989,4.31,132.00,2.00,"991,1077"
1041,Decoy_990,0.78,133.50,3.00,"1038,1043,1074"
1042,Decoy_991,3.61,135.00,2.00,"1034,1088"
1043,Decoy_992,4.22,136.50,1.00,1041
1044,Decoy_993,3.26,138.00,1.00,1008
1045,Decoy_994,4.73,139.50,4.00,"1028,1051,1057,1078"
1046,Decoy_995,0.63,141.00,2.00,"1006,1067"
1047,Decoy_996,1.71,142.50,3.00,"1021,1091,1095"
1048,Decoy_997,3.59,144.00,1.00,1002
1049,Decoy_998,0.55,145.50,3.00,"1019,1056,1099"
1050,Decoy_999,2.96,147.00,3.00,"1034,1063,1064"
1051,Decoy_1000,2.23,148.50,3.00,"1045,1059,1060"
1052,Decoy_1001,0.31,0.00,2.00,"1024,1062"
1053,Decoy_1002,3.23,1.50,2.00,"1025,1079"
1054,Decoy_1003,3.20,3.00,1.00,1017
1055,Decoy_1004,1.79,4.50,2.00,"1017,1096"
1056,Decoy_1005,4.72,6.00,1.00,1049
1057,Decoy_1006,2.95,7.50,2.00,"1045,1075"
1058,Decoy_1007,2.80,9.00,2.00,"1009,1101"
1059,Decoy_1008,1.43,10.50,4.00,"1051,1065,1089,1107"
1060,Decoy_1009,2.45,12.00,2.00,"1051,1076"
1061,Decoy_1010,0.34,13.50,3.00,"1033,1071,1100"
1062,Decoy_1011,4.73,15.00,1.00,1052
1063,Decoy_1012,0.12,16.50,3.00,"1050,1083,1092"
1064,Decoy_1013,2.06,18.00,3.00,"1050,1093,1094"
1065,Decoy_1014,2.45,19.50,1.00,1059
1066,Decoy_1015,1.31,21.00,2.00,"1036,1116"
1067,Decoy_1016,3.80,22.50,3.00,"1046,1069,1081"
1068,Decoy_1017,2.32,24.00,3.00,"1019,1104,1108"
1069,Decoy_1018,0.02,25.50,2.00,"1067,1085"
1070,Decoy_1019,0.22,27.00,2.00,"1024,1114"
1071,Decoy_1020,4.17,28.50,2.00,"1061,1086"
1072,Decoy_1021,1.98,30.00,2.00,"1038,1111"
1073,Decoy_1022,1.85,31.50,1.00,1025
1074,Decoy_1023,2.24,33.00,4.00,"1041,1112,1119,1122"
1075,Decoy_1024,2.71,34.50,1.00,1057
1076,Decoy_1025,2.88,36.00,2.00,"1060,1084"
1077,Decoy_1026,1.54,37.50,3.00,"1040,1102,1103"
1078,Decoy_1027,2.84,39.00,2.00,"1045,1121"
1079,Decoy_1028,3.64,40.50,1.00,1053
1080,Decoy_1029,0.12,42.00,1.00,1036
1081,Decoy_1030,1.29,43.50,1.00,1067
1082,Decoy_1031,2.19,45.00,1.00,1037
1083,Decoy_1032,4.27,46.50,1.00,1063
1084,Decoy_1033,0.09,48.00,2.00,"1076,1118"
1085,Decoy_1034,4.50,49.50,2.00,"1069,1129"
1086,Decoy_1035,0.67,51.00,3.00,"1071,1090,1113"
1087,Decoy_1036,0.63,52.50,2.00,"1037,1098"
1088,Decoy_1037,2.98,54.00,1.00,1042
1089,Decoy_1038,3.21,55.50,2.00,"1059,1120"
1090,Decoy_1039,0.58,57.00,1.00,1086
1091,Decoy_1040,1.14,58.50,4.00,"1047,1106,1117,1137"
1092,Decoy_1041,2.07,60.00,1.00,1063
1093,Decoy_1042,4.17,61.50,2.00,"1064,1109"
1094,Decoy_1043,3.64,63.00,1.00,1064
1095,Decoy_1044,1.62,64.50,2.00,"1047,1097"
1096,Decoy_1045,4.88,66.00,1.00,1055
1097,Decoy_1046,0.44,67.50,2.00,"1095,1141"
1098,Decoy_1047,0.56,69.00,2.00,"1087,1132"
1099,Decoy_1048,2.77,70.50,2.00,"1049,1133"
1100,Decoy_1049,4.73,72.00,3.00,"1061,1105,1115"
1101,Decoy_1050,1.24,73.50,1.00,1058
1102,Decoy_1051,4.64,75.00,2.00,"1077,1123"
1103,Decoy_1052,1.35,76.50,1.00,1077
1104,Decoy_1053,4.63,78.00,1.00,1068
1105,Decoy_1054,3.80,79.50,1.00,1100
1106,Decoy_1055,2.80,81.00,1.00,1091
1107,Decoy_1056,2.24,82.50,2.00,"1059,1151"
1108,Decoy_1057,3.54,84.00,2.00,"1068,1110"
1109,Decoy_1058,0.10,85.50,3.00,"1093,1149,1159"
1110,Decoy_1059,2.47,87.00,1.00,1108
1111,Decoy_1060,4.07,88.50,2.00,"1072,1131"
1112,Decoy_1061,3.11,90.00,1.00,1074
1113,Decoy_1062,2.45,91.50,3.00,"1086,1148,1153"
1114,Decoy_1063,1.09,93.00,1.00,1070
1115,Decoy_1064,2.83,94.50,1.00,1100
1116,Decoy_1065,4.18,96.00,2.00,"1066,1126"
1117,Decoy_1066,2.60,97.50,2.00,"1091,1147"
1118,Decoy_1067,2.49,99.00,1.00,1084
1119,Decoy_1068,2.97,100.50,3.00,"1074,1127,1128"
1120,Decoy_1069,3.00,102.00,6.00,"1089,1125,1136,1139,1157,1164"
1121,Decoy_1070,2.78,103.50,3.00,"1078,1124,1165"
1122,Decoy_1071,3.25,105.00,2.00,"1074,1155"
1123,Decoy_1072,0.82,106.50,4.00,"1102,1130,1163,1167"
1124,Decoy_1073,1.87,108.00,1.00,1121
1125,Decoy_1074,3.97,109.50,3.00,"1120,1135,1138"
1126,Decoy_1075,1.48,111.00,2.00,"1116,1145"
1127,Decoy_1076,3.43,112.50,2.00,"1119,1144"
1128,Decoy_1077,3.49,114.00,1.00,1119
1129,Decoy_1078,1.88,115.50,4.00,"1085,1134,1146,1176"
1130,Decoy_1079,2.83,117.00,1.00,1123
1131,Decoy_1080,1.61,118.50,2.00,"1111,1150"
1132,Decoy_1081,2.10,120.00,2.00,"1098,1143"
1133,Decoy_1082,1.94,121.50,1.00,1099
1134,Decoy_1083,2.17,123.00,3.00,"1129,1140,1177"
1135,Decoy_1084,3.75,124.50,3.00,"1125,1172,1175"
1136,Decoy_1085,2.88,126.00,2.00,"1120,1158"
1137,Decoy_1086,2.59,127.50,3.00,"1091,1142,1152"
1138,Decoy_1087,1.95,129.00,2.00,"1125,1156"
1139,Decoy_1088,3.64,130.50,1.00,1120
1140,Decoy_1089,3.25,132.00,1.00,1134
1141,Decoy_1090,2.89,133.50,3.00,"1097,1182,1183"
1142,Decoy_1091,4.36,135.00,4.00,"1137,1169,1178,1187"
1143,Decoy_1092,4.28,136.50,1.00,1132
1144,Decoy_1093,2.66,138.00,2.00,"1127,1160"
1145,Decoy_1094,0.53,139.50,2.00,"1126,1181"
1146,Decoy_1095,4.91,141.00,4.00,"1129,1161,1180,1190"
1147,Decoy_1096,4.19,142.50,1.00,1117
1148,Decoy_1097,0.25,144.00,3.00,"1113,1162,1166"
1149,Decoy_1098,0.66,145.50,1.00,1109
1150,Decoy_1099,4.79,147.00,3.00,"1131,1154,1195"
1151,Decoy_1100,3.95,148.50,1.00,1107
1152,Decoy_1101,3.05,0.00,2.00,"1137,1188"
1153,Decoy_1102,1.36,1.50,2.00,"1113,1200"
1154,Decoy_1103,1.31,3.00,1.00,1150
1155,Decoy_1104,3.18,4.50,1.00,1122
1156,Decoy_1105,2.40,6.00,2.00,"1138,1193"
1157,Decoy_1106,4.07,7.50,1.00,1120
1158,Decoy_1107,4.23,9.00,1.00,1136
1159,Decoy_1108,1.96,10.50,2.00,"1109,1206"
1160,Decoy_1109,2.20,12.00,5.00,"1144,1170,1174,1189,1197"
1161,Decoy_1110,4.42,13.50,3.00,"1146,1173,1207"
1162,Decoy_1111,2.39,15.00,3.00,"1148,1168,1211"
1163,Decoy_1112,1.26,16.50,1.00,1123
1164,Decoy_1113,3.10,18.00,3.00,"1120,1199,1214"
1165,Decoy_1114,4.87,19.50,2.00,"1121,1171"
1166,Decoy_1115,1.96,21.00,3.00,"1148,1179,1213"
1167,Decoy_1116,2.39,22.50,1.00,1123
1168,Decoy_1117,1.10,24.00,3.00,"1162,1184,1204"
1169,Decoy_1118,4.89,25.50,3.00,"1142,1201,1217"
1170,Decoy_1119,1.66,27.00,2.00,"1160,1194"
1171,Decoy_1120,2.77,28.50,2.00,"1165,1186"
1172,Decoy_1121,0.01,30.00,1.00,1135
1173,Decoy_1122,1.52,31.50,1.00,1161
1174,Decoy_1123,3.60,33.00,2.00,"1160,1198"
1175,Decoy_1124,1.38,34.50,1.00,1135
1176,Decoy_1125,1.67,36.00,2.00,"1129,1218"
1177,Decoy_1126,2.03,37.50,1.00,1134
1178,Decoy_1127,1.03,39.00,3.00,"1142,1191,1227"
1179,Decoy_1128,1.49,40.50,2.00,"1166,1208"
1180,Decoy_1129,4.95,42.00,1.00,1146
1181,Decoy_1130,3.50,43.50,2.00,"1145,1226"
1182,Decoy_1131,0.93,45.00,1.00,1141
1183,Decoy_1132,2.06,46.50,3.00,"1141,1185,1216"
1184,Decoy_1133,1.21,48.00,1.00,1168
1185,Decoy_1134,0.53,49.50,2.00,"1183,1233"
1186,Decoy_1135,1.52,51.00,2.00,"1171,1196"
1187,Decoy_1136,2.58,52.50,2.00,"1142,1230"
1188,Decoy_1137,1.18,54.00,1.00,1152
1189,Decoy_1138,4.33,55.50,1.00,1160
1190,Decoy_1139,2.03,57.00,1.00,1146
1191,Decoy_1140,1.00,58.50,2.00,"1178,1192"
1192,Decoy_1141,2.63,60.00,3.00,"1191,1202,1228"
1193,Decoy_1142,3.42,61.50,2.00,"1156,1221"
1194,Decoy_1143,1.00,63.00,1.00,1170
1195,Decoy_1144,3.33,64.50,3.00,"1150,1203,1212"
1196,Decoy_1145,1.90,66.00,4.00,"1186,1210,1229,1234"
1197,Decoy_1146,3.15,67.50,2.00,"1160,1237"
1198,Decoy_1147,3.17,69.00,1.00,1174
1199,Decoy_1148,2.53,70.50,2.00,"1164,1205"
1200,Decoy_1149,4.79,72.00,1.00,1153
1201,Decoy_1150,2.54,73.50,2.00,"1169,1215"
1202,Decoy_1151,0.49,75.00,1.00,1192
1203,Decoy_1152,3.98,76.50,1.00,1195
1204,Decoy_1153,3.15,78.00,2.00,"1168,1248"
1205,Decoy_1154,3.97,79.50,2.00,"1199,1242"
1206,Decoy_1155,4.57,81.00,3.00,"1159,1219,1247"
1207,Decoy_1156,4.56,82.50,1.00,1161
1208,Decoy_1157,4.60,84.00,2.00,"1179,1209"
1209,Decoy_1158,1.97,85.50,3.00,"1208,1225,1231"
1210,Decoy_1159,3.96,87.00,4.00,"1196,1224,1238,1253"
1211,Decoy_1160,2.42,88.50,1.00,1162
1212,Decoy_1161,3.62,90.00,2.00,"1195,1255"
1213,Decoy_1162,3.24,91.50,1.00,1166
1214,Decoy_1163,4.33,93.00,3.00,"1164,1220,1222"
1215,Decoy_1164,3.24,94.50,2.00,"1201,1232"
1216,Decoy_1165,1.26,96.00,1.00,1183
1217,Decoy_1166,0.32,97.50,1.00,1169
1218,Decoy_1167,2.92,99.00,3.00,"1176,1236,1265"
1219,Decoy_1168,2.86,100.50,3.00,"1206,1223,1245"
1220,Decoy_1169,0.36,102.00,2.00,"1214,1239"
1221,Decoy_1170,0.03,103.50,2.00,"1193,1261"
1222,Decoy_1171,2.00,105.00,1.00,1214
1223,Decoy_1172,2.37,106.50,4.00,"1219,1240,1256,1270"
1224,Decoy_1173,4.09,108.00,3.00,"1210,1243,1257"
1225,Decoy_1174,4.25,109.50,2.00,"1209,1260"
1226,Decoy_1175,0.01,111.00,1.00,1181
1227,Decoy_1176,4.31,112.50,3.00,"1178,1262,1275"
1228,Decoy_1177,0.21,114.00,2.00,"1192,1250"
1229,Decoy_1178,0.35,115.50,1.00,1196
1230,Decoy_1179,2.50,117.00,3.00,"1187,1254,1277"
1231,Decoy_1180,0.66,118.50,2.00,"1209,1251"
1232,Decoy_1181,3.80,120.00,2.00,"1215,1266"
1233,Decoy_1182,0.74,121.50,4.00,"1185,1235,1241,1273"
1234,Decoy_1183,3.67,123.00,1.00,1196
1235,Decoy_1184,2.06,124.50,3.00,"1233,1278,1285"
1236,Decoy_1185,1.19,126.00,2.00,"1218,1274"
1237,Decoy_1186,2.81,127.50,2.00,"1197,1258"
1238,Decoy_1187,0.82,129.00,2.00,"1210,1246"
1239,Decoy_1188,3.26,130.50,1.00,1220
1240,Decoy_1189,3.15,132.00,1.00,1223
1241,Decoy_1190,3.01,133.50,2.00,"1233,1269"
1242,Decoy_1191,2.39,135.00,2.00,"1205,1244"
1243,Decoy_1192,4.27,136.50,3.00,"1224,1279,1293"
1244,Decoy_1193,4.73,138.00,1.00,1242
1245,Decoy_1194,4.19,139.50,3.00,"1219,1252,1282"
1246,Decoy_1195,3.36,141.00,2.00,"1238,1284"
1247,Decoy_1196,4.34,142.50,1.00,1206
1248,Decoy_1197,1.37,144.00,3.00,"1204,1249,1280"
1249,Decoy_1198,4.26,145.50,2.00,"1248,1287"
1250,Decoy_1199,0.33,147.00,3.00,"1228,1276,1297"
1251,Decoy_1200,1.84,148.50,3.00,"1231,1259,1291"
1252,Decoy_1201,1.47,0.00,1.00,1245
1253,Decoy_1202,1.91,1.50,1.00,1210
1254,Decoy_1203,4.13,3.00,3.00,"1230,1267,1289"
1255,Decoy_1204,4.26,4.50,2.00,"1212,1271"
1256,Decoy_1205,1.88,6.00,1.00,1223
1257,Decoy_1206,4.19,7.50,3.00,"1224,1264,1304"
1258,Decoy_1207,3.70,9.00,3.00,"1237,1283,1302"
1259,Decoy_1208,1.78,10.50,2.00,"1251,1263"
1260,Decoy_1209,2.66,12.00,2.00,"1225,1268"
1261,Decoy_1210,3.90,13.50,1.00,1221
1262,Decoy_1211,0.74,15.00,1.00,1227
1263,Decoy_1212,0.30,16.50,2.00,"1259,1313"
1264,Decoy_1213,4.21,18.00,1.00,1257
1265,Decoy_1214,0.52,19.50,1.00,1218
1266,Decoy_1215,3.48,21.00,2.00,"1232,1308"
1267,Decoy_1216,4.31,22.50,2.00,"1254,1281"
1268,Decoy_1217,2.01,24.00,2.00,"1260,1305"
1269,Decoy_1218,1.27,25.50,2.00,"1241,1288"
1270,Decoy_1219,4.12,27.00,4.00,"1223,1272,1298,1301"
1271,Decoy_1220,3.41,28.50,2.00,"1255,1311"
1272,Decoy_1221,1.20,30.00,1.00,1270
1273,Decoy_1222,4.82,31.50,4.00,"1233,1286,1292,1295"
1274,Decoy_1223,2.20,33.00,1.00,1236
1275,Decoy_1224,4.78,34.50,1.00,1227
1276,Decoy_1225,1.68,36.00,1.00,1250
1277,Decoy_1226,4.30,37.50,2.00,"1230,1320"
1278,Decoy_1227,1.31,39.00,1.00,1235
1279,Decoy_1228,2.66,40.50,1.00,1243
1280,Decoy_1229,3.09,42.00,1.00,1248
1281,Decoy_1230,1.81,43.50,1.00,1267
1282,Decoy_1231,0.12,45.00,2.00,"1245,1328"
1283,Decoy_1232,0.33,46.50,3.00,"1258,1315,1317"
1284,Decoy_1233,1.61,48.00,2.00,"1246,1323"
1285,Decoy_1234,1.63,49.50,3.00,"1235,1290,1324"
1286,Decoy_1235,0.12,51.00,1.00,1273
1287,Decoy_1236,2.17,52.50,1.00,1249
1288,Decoy_1237,4.07,54.00,3.00,"1269,1294,1325"
1289,Decoy_1238,0.34,55.50,3.00,"1254,1318,1332"
1290,Decoy_1239,0.43,57.00,3.00,"1285,1296,1322"
1291,Decoy_1240,0.45,58.50,2.00,"1251,1299"
1292,Decoy_1241,3.77,60.00,1.00,1273
1293,Decoy_1242,0.68,61.50,2.00,"1243,1307"
1294,Decoy_1243,0.67,63.00,2.00,"1288,1309"
1295,Decoy_1244,1.06,64.50,2.00,"1273,1300"
1296,Decoy_1245,0.90,66.00,1.00,1290
1297,Decoy_1246,4.63,67.50,3.00,"1250,1316,1342"
1298,Decoy_1247,1.71,69.00,1.00,1270
1299,Decoy_1248,2.99,70.50,3.00,"1291,1303,1327"
1300,Decoy_1249,4.44,72.00,2.00,"1295,1312"
1301,Decoy_1250,3.29,73.50,3.00,"1270,1314,1336"
1302,Decoy_1251,0.55,75.00,1.00,1258
1303,Decoy_1252,4.13,76.50,2.00,"1299,1321"
1304,Decoy_1253,4.80,78.00,2.00,"1257,1306"
1305,Decoy_1254,3.81,79.50,3.00,"1268,1326,1351"
1306,Decoy_1255,2.33,81.00,4.00,"1304,1310,1341,1349"
1307,Decoy_1256,3.36,82.50,2.00,"1293,1331"
1308,Decoy_1257,1.05,84.00,1.00,1266
1309,Decoy_1258,1.94,85.50,2.00,"1294,1333"
1310,Decoy_1259,4.80,87.00,1.00,1306
1311,Decoy_1260,4.25,88.50,1.00,1271
1312,Decoy_1261,2.78,90.00,2.00,"1300,1343"
1313,Decoy_1262,2.72,91.50,1.00,1263
1314,Decoy_1263,2.49,93.00,2.00,"1301,1319"
1315,Decoy_1264,3.30,94.50,2.00,"1283,1357"
1316,Decoy_1265,0.08,96.00,1.00,1297
1317,Decoy_1266,4.53,97.50,2.00,"1283,1329"
1318,Decoy_1267,3.78,99.00,1.00,1289
1319,Decoy_1268,3.25,100.50,2.00,"1314,1350"
1320,Decoy_1269,2.66,102.00,2.00,"1277,1358"
1321,Decoy_1270,2.79,103.50,2.00,"1303,1339"
1322,Decoy_1271,1.08,105.00,3.00,"1290,1340,1366"
1323,Decoy_1272,3.42,106.50,4.00,"1284,1337,1353,1361"
1324,Decoy_1273,4.55,108.00,1.00,1285
1325,Decoy_1274,4.63,109.50,2.00,"1288,1352"
1326,Decoy_1275,2.37,111.00,3.00,"1305,1334,1335"
1327,Decoy_1276,1.02,112.50,4.00,"1299,1330,1367,1370"
1328,Decoy_1277,3.70,114.00,1.00,1282
1329,Decoy_1278,3.31,115.50,2.00,"1317,1376"
1330,Decoy_1279,0.95,117.00,2.00,"1327,1354"
1331,Decoy_1280,1.82,118.50,3.00,"1307,1338,1368"
1332,Decoy_1281,1.86,120.00,1.00,1289
1333,Decoy_1282,3.97,121.50,1.00,1309
1334,Decoy_1283,1.01,123.00,1.00,1326
1335,Decoy_1284,3.63,124.50,2.00,"1326,1345"
1336,Decoy_1285,2.00,126.00,2.00,"1301,1344"
1337,Decoy_1286,4.72,127.50,1.00,1323
1338,Decoy_1287,1.55,129.00,1.00,1331
1339,Decoy_1288,3.82,130.50,1.00,1321
1340,Decoy_1289,0.14,132.00,4.00,"1322,1355,1372,1381"
1341,Decoy_1290,4.44,133.50,2.00,"1306,1346"
1342,Decoy_1291,1.79,135.00,2.00,"1297,1347"
1343,Decoy_1292,1.28,136.50,3.00,"1312,1369,1388"
1344,Decoy_1293,4.33,138.00,3.00,"1336,1348,1375"
1345,Decoy_1294,0.69,139.50,2.00,"1335,1382"
1346,Decoy_1295,0.58,141.00,1.00,1341
1347,Decoy_1296,4.93,142.50,1.00,1342
1348,Decoy_1297,3.12,144.00,2.00,"1344,1398"
1349,Decoy_1298,4.00,145.50,1.00,1306
1350,Decoy_1299,1.99,147.00,6.00,"1319,1360,1362,1365,1374,1385"
1351,Decoy_1300,3.67,148.50,2.00,"1305,1401"
1352,Decoy_1301,1.26,0.00,3.00,"1325,1383,1400"
1353,Decoy_1302,3.58,1.50,2.00,"1323,1356"
1354,Decoy_1303,3.66,3.00,2.00,"1330,1394"
1355,Decoy_1304,4.26,4.50,2.00,"1340,1364"
1356,Decoy_1305,2.96,6.00,3.00,"1353,1363,1380"
1357,Decoy_1306,4.71,7.50,5.00,"1315,1359,1378,1379,1396"
1358,Decoy_1307,1.61,9.00,2.00,"1320,1397"
1359,Decoy_1308,2.19,10.50,2.00,"1357,1371"
1360,Decoy_1309,0.91,12.00,1.00,1350
1361,Decoy_1310,0.95,13.50,1.00,1323
1362,Decoy_1311,4.32,15.00,1.00,1350
1363,Decoy_1312,1.97,16.50,2.00,"1356,1389"
1364,Decoy_1313,1.74,18.00,1.00,1355
1365,Decoy_1314,0.90,19.50,2.00,"1350,1392"
1366,Decoy_1315,0.93,21.00,1.00,1322
1367,Decoy_1316,2.13,22.50,4.00,"1327,1384,1391,1407"
1368,Decoy_1317,0.81,24.00,2.00,"1331,1373"
1369,Decoy_1318,3.64,25.50,1.00,1343
1370,Decoy_1319,4.90,27.00,2.00,"1327,1387"
1371,Decoy_1320,0.31,28.50,1.00,1359
1372,Decoy_1321,0.79,30.00,2.00,"1340,1386"
1373,Decoy_1322,3.75,31.50,2.00,"1368,1390"
1374,Decoy_1323,3.28,33.00,2.00,"1350,1377"
1375,Decoy_1324,0.63,34.50,3.00,"1344,1393,1423"
1376,Decoy_1325,1.48,36.00,3.00,"1329,1399,1408"
1377,Decoy_1326,1.94,37.50,1.00,1374
1378,Decoy_1327,0.58,39.00,1.00,1357
1379,Decoy_1328,1.37,40.50,2.00,"1357,1424"
1380,Decoy_1329,3.78,42.00,2.00,"1356,1416"
1381,Decoy_1330,2.79,43.50,1.00,1340
1382,Decoy_1331,0.50,45.00,2.00,"1345,1422"
1383,Decoy_1332,3.95,46.50,4.00,"1352,1395,1415,1427"
1384,Decoy_1333,0.26,48.00,1.00,1367
1385,Decoy_1334,2.41,49.50,1.00,1350
1386,Decoy_1335,0.25,51.00,4.00,"1372,1403,1412,1421"
1387,Decoy_1336,1.92,52.50,1.00,1370
1388,Decoy_1337,1.33,54.00,3.00,"1343,1402,1404"
1389,Decoy_1338,0.56,55.50,1.00,1363
1390,Decoy_1339,3.00,57.00,3.00,"1373,1405,1414"
1391,Decoy_1340,2.24,58.50,1.00,1367
1392,Decoy_1341,0.63,60.00,1.00,1365
1393,Decoy_1342,1.31,61.50,1.00,1375
1394,Decoy_1343,3.75,63.00,2.00,"1354,1420"
1395,Decoy_1344,4.38,64.50,2.00,"1383,1411"
1396,Decoy_1345,2.18,66.00,2.00,"1357,1425"
1397,Decoy_1346,1.07,67.50,1.00,1358
1398,Decoy_1347,2.61,69.00,5.00,"1348,1406,1409,1431,1433"
1399,Decoy_1348,3.39,70.50,3.00,"1376,1426,1432"
1400,Decoy_1349,4.69,72.00,3.00,"1352,1430,1445"
1401,Decoy_1350,3.39,73.50,2.00,"1351,1434"
1402,Decoy_1351,0.25,75.00,1.00,1388
1403,Decoy_1352,4.30,76.50,2.00,"1386,1439"
1404,Decoy_1353,3.95,78.00,3.00,"1388,1417,1451"
1405,Decoy_1354,1.00,79.50,1.00,1390
1406,Decoy_1355,0.43,81.00,2.00,"1398,1419"
1407,Decoy_1356,2.28,82.50,3.00,"1367,1410,1448"
1408,Decoy_1357,3.17,84.00,2.00,"1376,1413"
1409,Decoy_1358,1.87,85.50,3.00,"1398,1418,1435"
1410,Decoy_1359,4.62,87.00,1.00,1407
1411,Decoy_1360,4.28,88.50,2.00,"1395,1443"
1412,Decoy_1361,1.06,90.00,2.00,"1386,1436"
1413,Decoy_1362,1.55,91.50,1.00,1408
1414,Decoy_1363,4.44,93.00,2.00,"1390,1440"
1415,Decoy_1364,0.11,94.50,2.00,"1383,1442"
1416,Decoy_1365,1.69,96.00,1.00,1380
1417,Decoy_1366,2.10,97.50,2.00,"1404,1438"
1418,Decoy_1367,2.49,99.00,2.00,"1409,1437"
1419,Decoy_1368,1.19,100.50,2.00,"1406,1463"
1420,Decoy_1369,4.14,102.00,2.00,"1394,1462"
1421,Decoy_1370,1.49,103.50,1.00,1386
1422,Decoy_1371,0.87,105.00,1.00,1382
1423,Decoy_1372,0.81,106.50,6.00,"1375,1428,1429,1453,1454,1455"
1424,Decoy_1373,0.67,108.00,1.00,1379
1425,Decoy_1374,3.75,109.50,2.00,"1396,1467"
1426,Decoy_1375,1.19,111.00,4.00,"1399,1441,1449,1474"
1427,Decoy_1376,4.39,112.50,1.00,1383
1428,Decoy_1377,3.93,114.00,1.00,1423
1429,Decoy_1378,3.93,115.50,2.00,"1423,1450"
1430,Decoy_1379,3.38,117.00,1.00,1400
1431,Decoy_1380,4.39,118.50,3.00,"1398,1477,1479"
1432,Decoy_1381,0.98,120.00,1.00,1399
1433,Decoy_1382,4.18,121.50,1.00,1398
1434,Decoy_1383,3.28,123.00,1.00,1401
1435,Decoy_1384,1.66,124.50,1.00,1409
1436,Decoy_1385,1.63,126.00,3.00,"1412,1446,1484"
1437,Decoy_1386,2.32,127.50,4.00,"1418,1447,1460,1476"
1438,Decoy_1387,4.85,129.00,3.00,"1417,1444,1458"
1439,Decoy_1388,2.54,130.50,2.00,"1403,1480"
1440,Decoy_1389,3.89,132.00,3.00,"1414,1485,1490"
1441,Decoy_1390,2.85,133.50,2.00,"1426,1461"
1442,Decoy_1391,1.76,135.00,2.00,"1415,1459"
1443,Decoy_1392,4.63,136.50,4.00,"1411,1457,1470,1486"
1444,Decoy_1393,0.29,138.00,2.00,"1438,1481"
1445,Decoy_1394,4.07,139.50,4.00,"1400,1452,1464,1483"
1446,Decoy_1395,0.05,141.00,2.00,"1436,1456"
1447,Decoy_1396,0.43,142.50,1.00,1437
1448,Decoy_1397,2.69,144.00,3.00,"1407,1466,1471"
1449,Decoy_1398,3.10,145.50,1.00,1426
1450,Decoy_1399,1.14,147.00,3.00,"1429,1475,1498"
1451,Decoy_1400,2.03,148.50,1.00,1404
1452,Decoy_1401,3.40,0.00,4.00,"1445,1469,1487,1488"
1453,Decoy_1402,1.56,1.50,1.00,1423
1454,Decoy_1403,2.39,3.00,3.00,"1423,1465,1496"
1455,Decoy_1404,4.75,4.50,1.00,1423
1456,Decoy_1405,1.32,6.00,1.00,1446
1457,Decoy_1406,0.89,7.50,1.00,1443
1458,Decoy_1407,3.60,9.00,2.00,"1438,1482"
1459,Decoy_1408,4.63,10.50,3.00,"1442,1489,1504"
1460,Decoy_1409,4.74,12.00,2.00,"1437,1472"
1461,Decoy_1410,3.33,13.50,2.00,"1441,1473"
1462,Decoy_1411,4.51,15.00,2.00,"1420,1500"
1463,Decoy_1412,0.22,16.50,3.00,"1419,1468,1491"
1464,Decoy_1413,1.69,18.00,1.00,1445
1465,Decoy_1414,1.64,19.50,3.00,"1454,1478,1507"
1466,Decoy_1415,1.45,21.00,2.00,"1448,1509"
1467,Decoy_1416,4.58,22.50,2.00,"1425,1516"
1468,Decoy_1417,1.09,24.00,1.00,1463
1469,Decoy_1418,4.53,25.50,1.00,1452
1470,Decoy_1419,3.68,27.00,1.00,1443
1471,Decoy_1420,4.61,28.50,1.00,1448
1472,Decoy_1421,3.60,30.00,1.00,1460
1473,Decoy_1422,1.69,31.50,1.00,1461
1474,Decoy_1423,4.20,33.00,2.00,"1426,1518"
1475,Decoy_1424,0.70,34.50,3.00,"1450,1505,1510"
1476,Decoy_1425,4.81,36.00,2.00,"1437,1515"
1477,Decoy_1426,2.37,37.50,1.00,1431
1478,Decoy_1427,4.90,39.00,4.00,"1465,1493,1494,1519"
1479,Decoy_1428,0.45,40.50,1.00,1431
1480,Decoy_1429,1.50,42.00,2.00,"1439,1506"
1481,Decoy_1430,2.61,43.50,2.00,"1444,1512"
1482,Decoy_1431,0.86,45.00,1.00,1458
1483,Decoy_1432,4.43,46.50,1.00,1445
1484,Decoy_1433,0.50,48.00,2.00,"1436,1492"
1485,Decoy_1434,3.89,49.50,2.00,"1440,1511"
1486,Decoy_1435,4.11,51.00,2.00,"1443,1502"
1487,Decoy_1436,0.28,52.50,1.00,1452
1488,Decoy_1437,4.21,54.00,3.00,"1452,1497,1499"
1489,Decoy_1438,3.86,55.50,3.00,"1459,1503,1528"
1490,Decoy_1439,3.13,57.00,1.00,1440
1491,Decoy_1440,0.23,58.50,1.00,1463
1492,Decoy_1441,1.49,60.00,2.00,"1484,1501"
1493,Decoy_1442,1.34,61.50,2.00,"1478,1495"
1494,Decoy_1443,2.70,63.00,1.00,1478
1495,Decoy_1444,4.89,64.50,1.00,1493
1496,Decoy_1445,4.02,66.00,1.00,1454
1497,Decoy_1446,0.36,67.50,4.00,"1488,1520,1522,1546"
1498,Decoy_1447,0.61,69.00,1.00,1450
1499,Decoy_1448,0.59,70.50,2.00,"1488,1521"
1500,Decoy_1449,4.13,72.00,2.00,"1462,1550"
1501,Decoy_1450,4.85,73.50,2.00,"1492,1527"
1502,Decoy_1451,4.16,75.00,1.00,1486
1503,Decoy_1452,3.41,76.50,3.00,"1489,1534,1548"
1504,Decoy_1453,1.23,78.00,1.00,1459
1505,Decoy_1454,1.86,79.50,2.00,"1475,1508"
1506,Decoy_1455,4.75,81.00,2.00,"1480,1540"
1507,Decoy_1456,1.91,82.50,2.00,"1465,1533"
1508,Decoy_1457,3.96,84.00,3.00,"1505,1549,1555"
1509,Decoy_1458,3.79,85.50,2.00,"1466,1537"
1510,Decoy_1459,2.92,87.00,2.00,"1475,1513"
1511,Decoy_1460,0.11,88.50,3.00,"1485,1514,1517"
1512,Decoy_1461,2.65,90.00,3.00,"1481,1526,1542"
1513,Decoy_1462,3.39,91.50,2.00,"1510,1544"
1514,Decoy_1463,2.18,93.00,3.00,"1511,1529,1531"
1515,Decoy_1464,3.52,94.50,2.00,"1476,1539"
1516,Decoy_1465,0.90,96.00,1.00,1467
1517,Decoy_1466,0.26,97.50,1.00,1511
1518,Decoy_1467,4.68,99.00,2.00,"1474,1563"
1519,Decoy_1468,1.92,100.50,3.00,"1478,1523,1535"
1520,Decoy_1469,0.41,102.00,2.00,"1497,1565"
1521,Decoy_1470,4.05,103.50,2.00,"1499,1532"
1522,Decoy_1471,4.69,105.00,2.00,"1497,1552"
1523,Decoy_1472,0.11,106.50,3.00,"1519,1524,1525"
1524,Decoy_1473,0.62,108.00,2.00,"1523,1566"
1525,Decoy_1474,3.75,109.50,2.00,"1523,1530"
1526,Decoy_1475,2.53,111.00,3.00,"1512,1538,1551"
1527,Decoy_1476,3.23,112.50,3.00,"1501,1536,1576"
1528,Decoy_1477,4.31,114.00,3.00,"1489,1560,1570"
1529,Decoy_1478,2.72,115.50,2.00,"1514,1554"
1530,Decoy_1479,0.52,117.00,3.00,"1525,1547,1575"
1531,Decoy_1480,4.46,118.50,3.00,"1514,1556,1557"
1532,Decoy_1481,2.54,120.00,1.00,1521
1533,Decoy_1482,1.43,121.50,1.00,1507
1534,Decoy_1483,1.34,123.00,2.00,"1503,1545"
1535,Decoy_1484,4.16,124.50,2.00,"1519,1581"
1536,Decoy_1485,3.31,126.00,1.00,1527
1537,Decoy_1486,2.90,127.50,3.00,"1509,1579,1585"
1538,Decoy_1487,1.54,129.00,1.00,1526
1539,Decoy_1488,4.11,130.50,2.00,"1515,1543"
1540,Decoy_1489,1.73,132.00,3.00,"1506,1541,1574"
1541,Decoy_1490,2.84,133.50,2.00,"1540,1561"
1542,Decoy_1491,4.14,135.00,1.00,1512
1543,Decoy_1492,4.05,136.50,1.00,1539
1544,Decoy_1493,0.75,138.00,2.00,"1513,1592"
1545,Decoy_1494,1.97,139.50,3.00,"1534,1562,1567"
1546,Decoy_1495,1.19,141.00,2.00,"1497,1588"
1547,Decoy_1496,3.42,142.50,2.00,"1530,1568"
1548,Decoy_1497,3.71,144.00,2.00,"1503,1589"
1549,Decoy_1498,4.86,145.50,2.00,"1508,1571"
1550,Decoy_1499,3.74,147.00,2.00,"1500,1577"
1551,Decoy_1500,2.84,148.50,2.00,"1526,1558"
1552,Decoy_1501,2.59,0.00,4.00,"1522,1553,1572,1582"
1553,Decoy_1502,0.05,1.50,1.00,1552
1554,Decoy_1503,4.66,3.00,3.00,"1529,1559,1573"
1555,Decoy_1504,2.06,4.50,1.00,1508
1556,Decoy_1505,3.90,6.00,3.00,"1531,1593,1603"
1557,Decoy_1506,1.04,7.50,2.00,"1531,1578"
1558,Decoy_1507,2.21,9.00,2.00,"1551,1569"
1559,Decoy_1508,4.45,10.50,2.00,"1554,1564"
1560,Decoy_1509,4.32,12.00,2.00,"1528,1594"
1561,Decoy_1510,4.44,13.50,2.00,"1541,1583"
1562,Decoy_1511,3.96,15.00,1.00,1545
1563,Decoy_1512,3.51,16.50,1.00,1518
1564,Decoy_1513,2.11,18.00,5.00,"1559,1580,1590,1600,1608"
1565,Decoy_1514,1.56,19.50,3.00,"1520,1597,1607"
1566,Decoy_1515,0.38,21.00,1.00,1524
1567,Decoy_1516,4.62,22.50,1.00,1545
1568,Decoy_1517,1.80,24.00,2.00,"1547,1591"
1569,Decoy_1518,0.85,25.50,2.00,"1558,1602"
1570,Decoy_1519,0.43,27.00,2.00,"1528,1617"
1571,Decoy_1520,1.83,28.50,2.00,"1549,1621"
1572,Decoy_1521,3.67,30.00,1.00,1552
1573,Decoy_1522,1.76,31.50,5.00,"1554,1586,1587,1596,1613"
1574,Decoy_1523,1.98,33.00,1.00,1540
1575,Decoy_1524,3.67,34.50,2.00,"1530,1611"
1576,Decoy_1525,0.95,36.00,1.00,1527
1577,Decoy_1526,2.81,37.50,3.00,"1550,1612,1619"
1578,Decoy_1527,2.98,39.00,2.00,"1557,1627"
1579,Decoy_1528,4.79,40.50,2.00,"1537,1605"
1580,Decoy_1529,0.18,42.00,1.00,1564
1581,Decoy_1530,3.46,43.50,1.00,1535
1582,Decoy_1531,2.71,45.00,4.00,"1552,1584,1604,1610"
1583,Decoy_1532,0.86,46.50,1.00,1561
1584,Decoy_1533,1.87,48.00,1.00,1582
1585,Decoy_1534,3.30,49.50,1.00,1537
1586,Decoy_1535,3.30,51.00,3.00,"1573,1606,1609"
1587,Decoy_1536,4.62,52.50,1.00,1573
1588,Decoy_1537,1.92,54.00,3.00,"1546,1616,1636"
1589,Decoy_1538,1.03,55.50,1.00,1548
1590,Decoy_1539,3.26,57.00,1.00,1564
1591,Decoy_1540,1.54,58.50,2.00,"1568,1598"
1592,Decoy_1541,1.00,60.00,1.00,1544
1593,Decoy_1542,0.86,61.50,2.00,"1556,1624"
1594,Decoy_1543,2.72,63.00,4.00,"1560,1595,1623,1638"
1595,Decoy_1544,2.38,64.50,2.00,"1594,1644"
1596,Decoy_1545,2.69,66.00,3.00,"1573,1599,1601"
1597,Decoy_1546,4.19,67.50,2.00,"1565,1630"
1598,Decoy_1547,0.38,69.00,1.00,1591
1599,Decoy_1548,4.70,70.50,1.00,1596
1600,Decoy_1549,2.27,72.00,3.00,"1564,1633,1640"
1601,Decoy_1550,3.94,73.50,1.00,1596
1602,Decoy_1551,4.90,75.00,2.00,"1569,1631"
1603,Decoy_1552,2.66,76.50,1.00,1556
1604,Decoy_1553,2.69,78.00,2.00,"1582,1625"
1605,Decoy_1554,1.78,79.50,1.00,1579
1606,Decoy_1555,1.12,81.00,2.00,"1586,1632"
1607,Decoy_1556,2.85,82.50,4.00,"1565,1614,1615,1641"
1608,Decoy_1557,1.65,84.00,3.00,"1564,1620,1629"
1609,Decoy_1558,3.95,85.50,3.00,"1586,1618,1649"
1610,Decoy_1559,3.31,87.00,1.00,1582
1611,Decoy_1560,2.61,88.50,2.00,"1575,1647"
1612,Decoy_1561,0.94,90.00,2.00,"1577,1656"
1613,Decoy_1562,0.89,91.50,2.00,"1573,1651"
1614,Decoy_1563,2.84,93.00,2.00,"1607,1645"
1615,Decoy_1564,2.35,94.50,1.00,1607
1616,Decoy_1565,2.14,96.00,2.00,"1588,1622"
1617,Decoy_1566,3.52,97.50,1.00,1570
1618,Decoy_1567,3.24,99.00,1.00,1609
1619,Decoy_1568,1.40,100.50,2.00,"1577,1665"
1620,Decoy_1569,0.10,102.00,6.00,"1608,1626,1628,1634,1648,1670"
1621,Decoy_1570,0.43,103.50,2.00,"1571,1657"
1622,Decoy_1571,4.96,105.00,2.00,"1616,1661"
1623,Decoy_1572,0.54,106.50,1.00,1594
1624,Decoy_1573,0.09,108.00,1.00,1593
1625,Decoy_1574,1.86,109.50,2.00,"1604,1646"
1626,Decoy_1575,0.83,111.00,2.00,"1620,1639"
1627,Decoy_1576,2.22,112.50,2.00,"1578,1667"
1628,Decoy_1577,4.71,114.00,3.00,"1620,1653,1675"
1629,Decoy_1578,2.69,115.50,2.00,"1608,1643"
1630,Decoy_1579,3.98,117.00,2.00,"1597,1650"
1631,Decoy_1580,1.35,118.50,2.00,"1602,1664"
1632,Decoy_1581,1.09,120.00,1.00,1606
1633,Decoy_1582,0.80,121.50,2.00,"1600,1635"
1634,Decoy_1583,0.61,123.00,3.00,"1620,1642,1652"
1635,Decoy_1584,1.02,124.50,2.00,"1633,1666"
1636,Decoy_1585,0.60,126.00,2.00,"1588,1637"
1637,Decoy_1586,4.30,127.50,3.00,"1636,1668,1678"
1638,Decoy_1587,0.71,129.00,1.00,1594
1639,Decoy_1588,4.46,130.50,1.00,1626
1640,Decoy_1589,1.37,132.00,1.00,1600
1641,Decoy_1590,1.63,133.50,1.00,1607
1642,Decoy_1591,4.35,135.00,1.00,1634
1643,Decoy_1592,2.00,136.50,2.00,"1629,1686"
1644,Decoy_1593,4.79,138.00,1.00,1595
1645,Decoy_1594,4.46,139.50,3.00,"1614,1655,1695"
1646,Decoy_1595,1.93,141.00,2.00,"1625,1660"
1647,Decoy_1596,1.95,142.50,3.00,"1611,1673,1679"
1648,Decoy_1597,2.66,144.00,3.00,"1620,1672,1677"
1649,Decoy_1598,1.99,145.50,2.00,"1609,1654"
1650,Decoy_1599,3.32,147.00,1.00,1630
1651,Decoy_1600,4.76,148.50,2.00,"1613,1669"
1652,Decoy_1601,4.52,0.00,4.00,"1634,1658,1659,1663"
1653,Decoy_1602,2.31,1.50,3.00,"1628,1671,1685"
1654,Decoy_1603,1.20,3.00,1.00,1649
1655,Decoy_1604,0.07,4.50,1.00,1645
1656,Decoy_1605,0.91,6.00,2.00,"1612,1689"
1657,Decoy_1606,3.01,7.50,2.00,"1621,1702"
1658,Decoy_1607,4.12,9.00,1.00,1652
1659,Decoy_1608,0.84,10.50,4.00,"1652,1662,1680,1698"
1660,Decoy_1609,2.15,12.00,1.00,1646
1661,Decoy_1610,2.01,13.50,3.00,"1622,1676,1693"
1662,Decoy_1611,1.45,15.00,3.00,"1659,1681,1701"
1663,Decoy_1612,1.75,16.50,2.00,"1652,1684"
1664,Decoy_1613,3.40,18.00,2.00,"1631,1682"
1665,Decoy_1614,1.76,19.50,1.00,1619
1666,Decoy_1615,2.63,21.00,3.00,"1635,1692,1697"
1667,Decoy_1616,3.22,22.50,1.00,1627
1668,Decoy_1617,0.59,24.00,1.00,1637
1669,Decoy_1618,4.24,25.50,2.00,"1651,1674"
1670,Decoy_1619,3.78,27.00,2.00,"1620,1719"
1671,Decoy_1620,4.20,28.50,1.00,1653
1672,Decoy_1621,2.53,30.00,1.00,1648
1673,Decoy_1622,4.25,31.50,1.00,1647
1674,Decoy_1623,0.06,33.00,2.00,"1669,1687"
1675,Decoy_1624,4.80,34.50,4.00,"1628,1705,1706,1707"
1676,Decoy_1625,3.77,36.00,3.00,"1661,1688,1716"
1677,Decoy_1626,4.22,37.50,2.00,"1648,1683"
1678,Decoy_1627,4.29,39.00,1.00,1637
1679,Decoy_1628,3.56,40.50,2.00,"1647,1721"
1680,Decoy_1629,3.35,42.00,1.00,1659
1681,Decoy_1630,3.08,43.50,3.00,"1662,1691,1729"
1682,Decoy_1631,1.95,45.00,1.00,1664
1683,Decoy_1632,4.94,46.50,4.00,"1677,1699,1710,1718"
1684,Decoy_1633,2.72,48.00,2.00,"1663,1704"
1685,Decoy_1634,0.97,49.50,2.00,"1653,1713"
1686,Decoy_1635,0.13,51.00,3.00,"1643,1690,1703"
1687,Decoy_1636,2.78,52.50,3.00,"1674,1724,1727"
1688,Decoy_1637,0.57,54.00,1.00,1676
1689,Decoy_1638,4.28,55.50,2.00,"1656,1694"
1690,Decoy_1639,1.19,57.00,2.00,"1686,1700"
1691,Decoy_1640,0.10,58.50,1.00,1681
1692,Decoy_1641,0.42,60.00,3.00,"1666,1711,1715"
1693,Decoy_1642,2.02,61.50,1.00,1661
1694,Decoy_1643,2.45,63.00,3.00,"1689,1696,1720"
1695,Decoy_1644,0.92,64.50,1.00,1645
1696,Decoy_1645,4.25,66.00,1.00,1694
1697,Decoy_1646,0.11,67.50,1.00,1666
1698,Decoy_1647,3.32,69.00,3.00,"1659,1708,1722"
1699,Decoy_1648,3.69,70.50,5.00,"1683,1723,1731,1742,1748"
1700,Decoy_1649,4.67,72.00,1.00,1690
1701,Decoy_1650,3.88,73.50,2.00,"1662,1730"
1702,Decoy_1651,2.88,75.00,1.00,1657
1703,Decoy_1652,3.46,76.50,2.00,"1686,1744"
1704,Decoy_1653,2.14,78.00,2.00,"1684,1735"
1705,Decoy_1654,1.01,79.50,2.00,"1675,1726"
1706,Decoy_1655,0.71,81.00,2.00,"1675,1717"
1707,Decoy_1656,1.52,82.50,2.00,"1675,1714"
1708,Decoy_1657,2.15,84.00,3.00,"1698,1709,1712"
1709,Decoy_1658,1.17,85.50,2.00,"1708,1736"
1710,Decoy_1659,3.19,87.00,2.00,"1683,1743"
1711,Decoy_1660,1.31,88.50,2.00,"1692,1757"
1712,Decoy_1661,3.15,90.00,1.00,1708
1713,Decoy_1662,0.94,91.50,1.00,1685
1714,Decoy_1663,1.78,93.00,4.00,"1707,1734,1746,1764"
1715,Decoy_1664,4.01,94.50,2.00,"1692,1725"
1716,Decoy_1665,4.50,96.00,1.00,1676
1717,Decoy_1666,0.25,97.50,3.00,"1706,1737,1741"
1718,Decoy_1667,0.27,99.00,2.00,"1683,1747"
1719,Decoy_1668,1.60,100.50,1.00,1670
1720,Decoy_1669,2.71,102.00,2.00,"1694,1763"
1721,Decoy_1670,2.04,103.50,1.00,1679
1722,Decoy_1671,4.69,105.00,2.00,"1698,1772"
1723,Decoy_1672,1.58,106.50,2.00,"1699,1740"
1724,Decoy_1673,3.19,108.00,3.00,"1687,1760,1765"
1725,Decoy_1674,1.09,109.50,3.00,"1715,1732,1753"
1726,Decoy_1675,2.59,111.00,1.00,1705
1727,Decoy_1676,0.91,112.50,2.00,"1687,1728"
1728,Decoy_1677,2.77,114.00,2.00,"1727,1738"
1729,Decoy_1678,2.67,115.50,2.00,"1681,1733"
1730,Decoy_1679,2.32,117.00,1.00,1701
1731,Decoy_1680,0.95,118.50,4.00,"1699,1756,1762,1778"
1732,Decoy_1681,1.40,120.00,1.00,1725
1733,Decoy_1682,4.63,121.50,2.00,"1729,1752"
1734,Decoy_1683,0.29,123.00,1.00,1714
1735,Decoy_1684,2.80,124.50,2.00,"1704,1745"
1736,Decoy_1685,0.47,126.00,3.00,"1709,1739,1779"
1737,Decoy_1686,3.43,127.50,3.00,"1717,1751,1787"
1738,Decoy_1687,0.53,129.00,2.00,"1728,1785"
1739,Decoy_1688,1.32,130.50,1.00,1736
1740,Decoy_1689,3.85,132.00,2.00,"1723,1768"
1741,Decoy_1690,4.32,133.50,1.00,1717
1742,Decoy_1691,2.91,135.00,5.00,"1699,1755,1758,1761,1786"
1743,Decoy_1692,2.02,136.50,2.00,"1710,1750"
1744,Decoy_1693,4.61,138.00,2.00,"1703,1781"
1745,Decoy_1694,4.29,139.50,1.00,1735
1746,Decoy_1695,4.52,141.00,2.00,"1714,1749"
1747,Decoy_1696,2.28,142.50,1.00,1718
1748,Decoy_1697,2.84,144.00,1.00,1699
1749,Decoy_1698,1.22,145.50,2.00,"1746,1771"
1750,Decoy_1699,0.38,147.00,1.00,1743
1751,Decoy_1700,0.36,148.50,3.00,"1737,1769,1775"
1752,Decoy_1701,0.98,0.00,3.00,"1733,1754,1780"
1753,Decoy_1702,2.39,1.50,2.00,"1725,1770"
1754,Decoy_1703,4.27,3.00,1.00,1752
1755,Decoy_1704,4.14,4.50,3.00,"1742,1766,1801"
1756,Decoy_1705,1.76,6.00,1.00,1731
1757,Decoy_1706,2.30,7.50,3.00,"1711,1792,1802"
1758,Decoy_1707,3.55,9.00,4.00,"1742,1759,1774,1784"
1759,Decoy_1708,3.88,10.50,3.00,"1758,1777,1805"
1760,Decoy_1709,0.68,12.00,4.00,"1724,1776,1783,1808"
1761,Decoy_1710,0.64,13.50,3.00,"1742,1767,1806"
1762,Decoy_1711,4.79,15.00,2.00,"1731,1773"
1763,Decoy_1712,0.05,16.50,1.00,1720
1764,Decoy_1713,0.11,18.00,4.00,"1714,1788,1790,1797"
1765,Decoy_1714,4.14,19.50,3.00,"1724,1782,1811"
1766,Decoy_1715,0.09,21.00,3.00,"1755,1798,1799"
1767,Decoy_1716,4.09,22.50,1.00,1761
1768,Decoy_1717,2.67,24.00,1.00,1740
1769,Decoy_1718,1.42,25.50,2.00,"1751,1804"
1770,Decoy_1719,4.12,27.00,1.00,1753
1771,Decoy_1720,3.79,28.50,3.00,"1749,1789,1816"
1772,Decoy_1721,1.66,30.00,2.00,"1722,1794"
1773,Decoy_1722,1.49,31.50,2.00,"1762,1822"
1774,Decoy_1723,0.40,33.00,1.00,1758
1775,Decoy_1724,0.98,34.50,1.00,1751
1776,Decoy_1725,2.87,36.00,1.00,1760
1777,Decoy_1726,1.00,37.50,2.00,"1759,1818"
1778,Decoy_1727,3.56,39.00,2.00,"1731,1791"
1779,Decoy_1728,1.59,40.50,2.00,"1736,1810"
1780,Decoy_1729,3.65,42.00,2.00,"1752,1800"
1781,Decoy_1730,4.24,43.50,1.00,1744
1782,Decoy_1731,4.18,45.00,3.00,"1765,1807,1821"
1783,Decoy_1732,3.29,46.50,1.00,1760
1784,Decoy_1733,3.33,48.00,2.00,"1758,1825"
1785,Decoy_1734,3.63,49.50,1.00,1738
1786,Decoy_1735,1.87,51.00,2.00,"1742,1812"
1787,Decoy_1736,4.83,52.50,4.00,"1737,1793,1819,1832"
1788,Decoy_1737,1.24,54.00,1.00,1764
1789,Decoy_1738,3.17,55.50,1.00,1771
1790,Decoy_1739,2.62,57.00,2.00,"1764,1835"
1791,Decoy_1740,3.70,58.50,1.00,1778
1792,Decoy_1741,1.87,60.00,2.00,"1757,1838"
1793,Decoy_1742,2.89,61.50,2.00,"1787,1796"
1794,Decoy_1743,4.20,63.00,3.00,"1772,1795,1842"
1795,Decoy_1744,2.13,64.50,3.00,"1794,1828,1833"
1796,Decoy_1745,1.29,66.00,2.00,"1793,1837"
1797,Decoy_1746,3.94,67.50,2.00,"1764,1814"
1798,Decoy_1747,0.70,69.00,1.00,1766
1799,Decoy_1748,2.59,70.50,1.00,1766
1800,Decoy_1749,0.93,72.00,5.00,"1780,1809,1824,1839,1841"
1801,Decoy_1750,3.36,73.50,2.00,"1755,1847"
1802,Decoy_1751,1.32,75.00,2.00,"1757,1803"
1803,Decoy_1752,4.38,76.50,3.00,"1802,1817,1829"
1804,Decoy_1753,1.09,78.00,2.00,"1769,1836"
1805,Decoy_1754,3.61,79.50,1.00,1759
1806,Decoy_1755,1.05,81.00,2.00,"1761,1843"
1807,Decoy_1756,0.72,82.50,1.00,1782
1808,Decoy_1757,2.13,84.00,2.00,"1760,1815"
1809,Decoy_1758,0.08,85.50,3.00,"1800,1820,1826"
1810,Decoy_1759,4.52,87.00,2.00,"1779,1813"
1811,Decoy_1760,4.02,88.50,3.00,"1765,1823,1848"
1812,Decoy_1761,4.34,90.00,1.00,1786
1813,Decoy_1762,4.62,91.50,1.00,1810
1814,Decoy_1763,3.47,93.00,1.00,1797
1815,Decoy_1764,4.68,94.50,2.00,"1808,1849"
1816,Decoy_1765,4.19,96.00,1.00,1771
1817,Decoy_1766,2.97,97.50,1.00,1803
1818,Decoy_1767,4.34,99.00,2.00,"1777,1827"
1819,Decoy_1768,1.18,100.50,1.00,1787
1820,Decoy_1769,0.61,102.00,2.00,"1809,1846"
1821,Decoy_1770,4.34,103.50,2.00,"1782,1834"
1822,Decoy_1771,3.15,105.00,2.00,"1773,1866"
1823,Decoy_1772,1.57,106.50,2.00,"1811,1855"
1824,Decoy_1773,4.12,108.00,2.00,"1800,1868"
1825,Decoy_1774,2.30,109.50,3.00,"1784,1840,1862"
1826,Decoy_1775,2.65,111.00,3.00,"1809,1831,1869"
1827,Decoy_1776,2.32,112.50,1.00,1818
1828,Decoy_1777,3.38,114.00,2.00,"1795,1830"
1829,Decoy_1778,1.83,115.50,1.00,1803
1830,Decoy_1779,4.68,117.00,2.00,"1828,1872"
1831,Decoy_1780,3.61,118.50,4.00,"1826,1865,1870,1873"
1832,Decoy_1781,1.77,120.00,1.00,1787
1833,Decoy_1782,1.39,121.50,1.00,1795
1834,Decoy_1783,3.48,123.00,1.00,1821
1835,Decoy_1784,1.83,124.50,1.00,1790
1836,Decoy_1785,3.80,126.00,1.00,1804
1837,Decoy_1786,0.90,127.50,1.00,1796
1838,Decoy_1787,3.51,129.00,2.00,"1792,1844"
1839,Decoy_1788,0.97,130.50,3.00,"1800,1857,1860"
1840,Decoy_1789,0.76,132.00,2.00,"1825,1854"
1841,Decoy_1790,4.13,133.50,3.00,"1800,1845,1858"
1842,Decoy_1791,3.85,135.00,3.00,"1794,1850,1883"
1843,Decoy_1792,3.07,136.50,3.00,"1806,1856,1891"
1844,Decoy_1793,2.68,138.00,3.00,"1838,1851,1861"
1845,Decoy_1794,0.63,139.50,3.00,"1841,1863,1890"
1846,Decoy_1795,4.71,141.00,1.00,1820
1847,Decoy_1796,2.47,142.50,1.00,1801
1848,Decoy_1797,1.45,144.00,3.00,"1811,1853,1889"
1849,Decoy_1798,1.36,145.50,3.00,"1815,1864,1881"
1850,Decoy_1799,2.17,147.00,1.00,1842
1851,Decoy_1800,4.22,148.50,3.00,"1844,1852,1874"
1852,Decoy_1801,3.29,0.00,1.00,1851
1853,Decoy_1802,3.81,1.50,2.00,"1848,1859"
1854,Decoy_1803,3.86,3.00,1.00,1840
1855,Decoy_1804,0.75,4.50,2.00,"1823,1876"
1856,Decoy_1805,3.91,6.00,1.00,1843
1857,Decoy_1806,4.59,7.50,1.00,1839
1858,Decoy_1807,1.94,9.00,3.00,"1841,1877,1888"
1859,Decoy_1808,2.98,10.50,1.00,1853
1860,Decoy_1809,1.00,12.00,4.00,"1839,1867,1879,1882"
1861,Decoy_1810,4.17,13.50,6.00,"1844,1875,1878,1897,1904,1906"
1862,Decoy_1811,0.68,15.00,2.00,"1825,1901"
1863,Decoy_1812,3.47,16.50,1.00,1845
1864,Decoy_1813,0.68,18.00,1.00,1849
1865,Decoy_1814,4.09,19.50,1.00,1831
1866,Decoy_1815,4.62,21.00,3.00,"1822,1892,1912"
1867,Decoy_1816,4.79,22.50,2.00,"1860,1894"
1868,Decoy_1817,4.30,24.00,1.00,1824
1869,Decoy_1818,1.50,25.50,4.00,"1826,1871,1895,1910"
1870,Decoy_1819,4.45,27.00,2.00,"1831,1905"
1871,Decoy_1820,0.15,28.50,1.00,1869
1872,Decoy_1821,2.26,30.00,3.00,"1830,1880,1896"
1873,Decoy_1822,1.40,31.50,2.00,"1831,1886"
1874,Decoy_1823,2.62,33.00,1.00,1851
1875,Decoy_1824,0.41,34.50,2.00,"1861,1900"
1876,Decoy_1825,4.88,36.00,4.00,"1855,1908,1916,1920"
1877,Decoy_1826,4.05,37.50,2.00,"1858,1924"
1878,Decoy_1827,0.63,39.00,2.00,"1861,1913"
1879,Decoy_1828,1.83,40.50,2.00,"1860,1885"
1880,Decoy_1829,3.50,42.00,5.00,"1872,1884,1887,1899,1921"
1881,Decoy_1830,4.34,43.50,1.00,1849
1882,Decoy_1831,3.81,45.00,1.00,1860
1883,Decoy_1832,2.32,46.50,2.00,"1842,1909"
1884,Decoy_1833,4.72,48.00,1.00,1880
1885,Decoy_1834,0.83,49.50,3.00,"1879,1893,1933"
1886,Decoy_1835,4.09,51.00,3.00,"1873,1903,1917"
1887,Decoy_1836,4.43,52.50,2.00,"1880,1902"
1888,Decoy_1837,4.07,54.00,1.00,1858
1889,Decoy_1838,1.83,55.50,1.00,1848
1890,Decoy_1839,3.57,57.00,3.00,"1845,1898,1936"
1891,Decoy_1840,3.92,58.50,2.00,"1843,1937"
1892,Decoy_1841,3.06,60.00,3.00,"1866,1911,1922"
1893,Decoy_1842,2.99,61.50,1.00,1885
1894,Decoy_1843,0.20,63.00,2.00,"1867,1918"
1895,Decoy_1844,0.05,64.50,1.00,1869
1896,Decoy_1845,3.10,66.00,1.00,1872
1897,Decoy_1846,1.43,67.50,1.00,1861
1898,Decoy_1847,3.91,69.00,3.00,"1890,1926,1946"
1899,Decoy_1848,4.54,70.50,1.00,1880
1900,Decoy_1849,4.81,72.00,2.00,"1875,1919"
1901,Decoy_1850,4.39,73.50,1.00,1862
1902,Decoy_1851,0.62,75.00,2.00,"1887,1915"
1903,Decoy_1852,4.26,76.50,3.00,"1886,1907,1923"
1904,Decoy_1853,1.08,78.00,1.00,1861
1905,Decoy_1854,0.23,79.50,2.00,"1870,1931"
1906,Decoy_1855,3.34,81.00,3.00,"1861,1914,1945"
1907,Decoy_1856,4.30,82.50,2.00,"1903,1929"
1908,Decoy_1857,3.10,84.00,2.00,"1876,1927"
1909,Decoy_1858,4.03,85.50,1.00,1883
1910,Decoy_1859,4.27,87.00,2.00,"1869,1928"
1911,Decoy_1860,2.40,88.50,2.00,"1892,1961"
1912,Decoy_1861,1.35,90.00,2.00,"1866,1959"
1913,Decoy_1862,3.67,91.50,2.00,"1878,1953"
1914,Decoy_1863,4.97,93.00,2.00,"1906,1939"
1915,Decoy_1864,0.26,94.50,2.00,"1902,1938"
1916,Decoy_1865,3.47,96.00,4.00,"1876,1925,1932,1958"
1917,Decoy_1866,0.53,97.50,3.00,"1886,1950,1954"
1918,Decoy_1867,1.85,99.00,3.00,"1894,1951,1966"
1919,Decoy_1868,4.48,100.50,1.00,1900
1920,Decoy_1869,0.36,102.00,1.00,1876
1921,Decoy_1870,2.81,103.50,3.00,"1880,1930,1968"
1922,Decoy_1871,0.44,105.00,1.00,1892
1923,Decoy_1872,3.14,106.50,3.00,"1903,1935,1942"
1924,Decoy_1873,2.66,108.00,1.00,1877
1925,Decoy_1874,2.53,109.50,2.00,"1916,1956"
1926,Decoy_1875,2.83,111.00,3.00,"1898,1934,1944"
1927,Decoy_1876,4.64,112.50,2.00,"1908,1949"
1928,Decoy_1877,1.74,114.00,1.00,1910
1929,Decoy_1878,3.63,115.50,6.00,"1907,1943,1952,1955,1957,1971"
1930,Decoy_1879,4.16,117.00,4.00,"1921,1941,1960,1980"
1931,Decoy_1880,0.90,118.50,2.00,"1905,1970"
1932,Decoy_1881,1.48,120.00,1.00,1916
1933,Decoy_1882,4.34,121.50,1.00,1885
1934,Decoy_1883,1.30,123.00,2.00,"1926,1962"
1935,Decoy_1884,1.46,124.50,2.00,"1923,1940"
1936,Decoy_1885,0.66,126.00,2.00,"1890,1977"
1937,Decoy_1886,1.34,127.50,3.00,"1891,1965,1975"
1938,Decoy_1887,3.09,129.00,3.00,"1915,1978,1984"
1939,Decoy_1888,1.21,130.50,1.00,1914
1940,Decoy_1889,0.61,132.00,1.00,1935
1941,Decoy_1890,1.19,133.50,3.00,"1930,1948,1973"
1942,Decoy_1891,2.34,135.00,2.00,"1923,1983"
1943,Decoy_1892,1.19,136.50,2.00,"1929,1947"
1944,Decoy_1893,0.89,138.00,1.00,1926
1945,Decoy_1894,2.84,139.50,1.00,1906
1946,Decoy_1895,1.14,141.00,1.00,1898
1947,Decoy_1896,0.17,142.50,2.00,"1943,1967"
1948,Decoy_1897,3.90,144.00,2.00,"1941,1963"
1949,Decoy_1898,0.83,145.50,2.00,"1927,1979"
1950,Decoy_1899,3.66,147.00,1.00,1917
1951,Decoy_1900,1.71,148.50,1.00,1918
1952,Decoy_1901,2.01,0.00,1.00,1929
1953,Decoy_1902,3.62,1.50,2.00,"1913,1992"
1954,Decoy_1903,3.45,3.00,2.00,"1917,1982"
1955,Decoy_1904,4.37,4.50,1.00,1929
1956,Decoy_1905,2.58,6.00,1.00,1925
1957,Decoy_1906,1.71,7.50,1.00,1929
1958,Decoy_1907,2.03,9.00,2.00,"1916,1974"
1959,Decoy_1908,2.03,10.50,2.00,"1912,1991"
1960,Decoy_1909,1.10,12.00,2.00,"1930,2010"
1961,Decoy_1910,0.54,13.50,2.00,"1911,2008"
1962,Decoy_1911,4.92,15.00,4.00,"1934,1964,1981,2000"
1963,Decoy_1912,3.39,16.50,1.00,1948
1964,Decoy_1913,4.01,18.00,4.00,"1962,1969,1996,1998"
1965,Decoy_1914,3.84,19.50,2.00,"1937,2007"
1966,Decoy_1915,3.79,21.00,2.00,"1918,1976"
1967,Decoy_1916,3.64,22.50,2.00,"1947,1988"
1968,Decoy_1917,4.05,24.00,1.00,1921
1969,Decoy_1918,0.29,25.50,1.00,1964
1970,Decoy_1919,3.39,27.00,2.00,"1931,1997"
1971,Decoy_1920,0.46,28.50,2.00,"1929,1972"
1972,Decoy_1921,2.25,30.00,3.00,"1971,1999,2013"
1973,Decoy_1922,2.15,31.50,4.00,"1941,1989,2001,2004"
1974,Decoy_1923,2.97,33.00,1.00,1958
1975,Decoy_1924,3.42,34.50,3.00,"1937,1990,2011"
1976,Decoy_1925,2.31,36.00,1.00,1966
1977,Decoy_1926,1.68,37.50,3.00,"1936,1985,2023"
1978,Decoy_1927,0.91,39.00,2.00,"1938,2009"
1979,Decoy_1928,1.34,40.50,3.00,"1949,1987,2014"
1980,Decoy_1929,3.37,42.00,1.00,1930
1981,Decoy_1930,0.98,43.50,1.00,1962
1982,Decoy_1931,4.15,45.00,2.00,"1954,2028"
1983,Decoy_1932,3.31,46.50,3.00,"1942,2021,2025"
1984,Decoy_1933,3.00,48.00,4.00,"1938,1986,1994,2003"
1985,Decoy_1934,1.81,49.50,2.00,"1977,2017"
1986,Decoy_1935,1.10,51.00,2.00,"1984,1993"
1987,Decoy_1936,4.80,52.50,2.00,"1979,2029"
1988,Decoy_1937,1.77,54.00,1.00,1967
1989,Decoy_1938,3.42,55.50,2.00,"1973,1995"
1990,Decoy_1939,0.66,57.00,1.00,1975
1991,Decoy_1940,4.42,58.50,1.00,1959
1992,Decoy_1941,2.03,60.00,1.00,1953
1993,Decoy_1942,2.33,61.50,2.00,"1986,2040"
1994,Decoy_1943,2.21,63.00,1.00,1984
1995,Decoy_1944,2.28,64.50,2.00,"1989,2006"
1996,Decoy_1945,3.13,66.00,2.00,"1964,2020"
1997,Decoy_1946,3.52,67.50,1.00,1970
1998,Decoy_1947,3.33,69.00,5.00,"1964,2002,2005,2018,2034"
1999,Decoy_1948,1.68,70.50,4.00,"1972,2026,2031,2033"
2000,Decoy_1949,2.89,72.00,2.00,"1962,2030"
2001,Decoy_1950,3.20,73.50,1.00,1973
2002,Decoy_1951,1.03,75.00,2.00,"1998,2051"
2003,Decoy_1952,4.54,76.50,4.00,"1984,2012,2022,2046"
2004,Decoy_1953,4.44,78.00,1.00,1973
2005,Decoy_1954,2.30,79.50,2.00,"1998,2044"
2006,Decoy_1955,2.62,81.00,1.00,1995
2007,Decoy_1956,3.83,82.50,2.00,"1965,2024"
2008,Decoy_1957,0.61,84.00,4.00,"1961,2016,2043,2048"
2009,Decoy_1958,3.08,85.50,1.00,1978
2010,Decoy_1959,0.41,87.00,2.00,"1960,2027"
2011,Decoy_1960,1.57,88.50,1.00,1975
2012,Decoy_1961,0.09,90.00,4.00,"2003,2015,2038,2041"
2013,Decoy_1962,3.87,91.50,2.00,"1972,2019"
2014,Decoy_1963,2.47,93.00,1.00,1979
2015,Decoy_1964,2.52,94.50,1.00,2012
2016,Decoy_1965,0.26,96.00,1.00,2008
2017,Decoy_1966,3.01,97.50,1.00,1985
2018,Decoy_1967,1.93,99.00,1.00,1998
2019,Decoy_1968,3.46,100.50,2.00,"2013,2036"
2020,Decoy_1969,0.67,102.00,2.00,"1996,2032"
2021,Decoy_1970,1.88,103.50,1.00,1983
2022,Decoy_1971,3.25,105.00,2.00,"2003,2049"
2023,Decoy_1972,3.06,106.50,2.00,"1977,2050"
2024,Decoy_1973,3.69,108.00,2.00,"2007,2045"
2025,Decoy_1974,2.72,109.50,1.00,1983
2026,Decoy_1975,1.64,111.00,2.00,"1999,2037"
2027,Decoy_1976,3.03,112.50,2.00,"2010,2035"
2028,Decoy_1977,1.59,114.00,1.00,1982
2029,Decoy_1978,1.26,115.50,2.00,"1987,2047"
2030,Decoy_1979,2.39,117.00,2.00,"2000,2039"
2031,Decoy_1980,0.55,118.50,1.00,1999
2032,Decoy_1981,0.79,120.00,1.00,2020
2033,Decoy_1982,3.70,121.50,1.00,1999
2034,Decoy_1983,4.22,123.00,1.00,1998
2035,Decoy_1984,0.31,124.50,1.00,2027
2036,Decoy_1985,1.65,126.00,1.00,2019
2037,Decoy_1986,1.10,127.50,1.00,2026
2038,Decoy_1987,3.52,129.00,1.00,2012
2039,Decoy_1988,1.73,130.50,1.00,2030
2040,Decoy_1989,1.87,132.00,2.00,"1993,2042"
2041,Decoy_1990,0.40,133.50,1.00,2012
2042,Decoy_1991,4.25,135.00,1.00,2040
2043,Decoy_1992,4.78,136.50,1.00,2008
2044,Decoy_1993,4.02,138.00,1.00,2005
2045,Decoy_1994,2.80,139.50,1.00,2024
2046,Decoy_1995,4.15,141.00,1.00,2003
2047,Decoy_1996,1.34,142.50,1.00,2029
2048,Decoy_1997,3.58,144.00,1.00,2008
2049,Decoy_1998,1.88,145.50,1.00,2022
2050,Decoy_1999,2.34,147.00,1.00,2023
2051,Decoy_2000,2.52,148.50,1.00,2002
